{
"type": "FeatureCollection",
"name": "distritos_tupungato_wgs",
"crs": { "type": "name", "properties": { "name": "urn:ogc:def:crs:OGC:1.3:CRS84" } },
"features": [
{ "type": "Feature", "properties": { "fid": 241, "osm_id": "2993818", "osm_way_id": null, "name": "Distrito Zapata", "type": "boundary", "aeroway": null, "amenity": null, "admin_level": "6", "barrier": null, "boundary": "administrative", "building": null, "craft": null, "geological": null, "historic": null, "land_area": null, "landuse": null, "leisure": null, "man_made": null, "military": null, "natural": null, "office": null, "place": null, "shop": null, "sport": null, "tourism": null, "other_tags": null }, "geometry": { "type": "MultiPolygon", "coordinates": [ [ [ [ -68.922842800000097, -33.337651400000254 ], [ -68.922919700000108, -33.337889500000266 ], [ -68.923204200000114, -33.338735600000255 ], [ -68.923283900000101, -33.338986000000254 ], [ -68.923844300000113, -33.340509300000235 ], [ -68.925689600000098, -33.345860100000259 ], [ -68.927213100000117, -33.350072400000265 ], [ -68.929283800000093, -33.355781100000257 ], [ -68.930528300000105, -33.359643400000252 ], [ -68.930860800000119, -33.360570300000241 ], [ -68.932341500000106, -33.364697300000252 ], [ -68.934691100000094, -33.371363700000245 ], [ -68.935003400000099, -33.372322600000267 ], [ -68.936270300000103, -33.375718300000258 ], [ -68.936475100000109, -33.376351900000266 ], [ -68.936501700000107, -33.376412100000259 ], [ -68.938685000000106, -33.382681900000257 ], [ -68.942387200000113, -33.393146300000254 ], [ -68.944669400000095, -33.399802900000275 ], [ -68.946162500000099, -33.403588700000256 ], [ -68.948227100000096, -33.409143800000265 ], [ -68.950004900000096, -33.414732500000248 ], [ -68.950310900000105, -33.415514400000255 ], [ -68.950411300000098, -33.415834200000255 ], [ -68.950509, -33.416145300000245 ], [ -68.951233200000118, -33.418207800000246 ], [ -68.951630800000103, -33.419067200000256 ], [ -68.952530100000118, -33.420568600000252 ], [ -68.9545849000001, -33.423660400000259 ], [ -68.954604500000116, -33.423691200000249 ], [ -68.954824600000109, -33.424003700000263 ], [ -68.961800200000098, -33.434679000000251 ], [ -68.969568900000098, -33.446469600000249 ], [ -68.977654200000117, -33.458980500000258 ], [ -68.977691300000103, -33.459039200000241 ], [ -68.978006400000112, -33.459547600000249 ], [ -68.983159700000101, -33.467860600000243 ], [ -68.989076800000106, -33.478238300000264 ], [ -68.993440200000094, -33.485723700000257 ], [ -68.993741800000109, -33.48624110000025 ], [ -68.995063200000132, -33.48861220000024 ], [ -68.995978800000103, -33.490174500000258 ], [ -68.99755420000011, -33.492862600000251 ], [ -68.999043100000108, -33.495377700000248 ], [ -68.999984300000108, -33.497033700000266 ], [ -69.000392300000115, -33.49774010000025 ], [ -69.002936600000098, -33.502178800000259 ], [ -68.994940200000116, -33.506302600000247 ], [ -68.994756200000097, -33.506397500000254 ], [ -68.994592900000114, -33.506463300000235 ], [ -68.994391300000132, -33.50654040000024 ], [ -68.987052700000106, -33.509683800000253 ], [ -68.987103300000101, -33.509173900000235 ], [ -68.9872407000001, -33.508805200000239 ], [ -68.987384300000102, -33.508097900000251 ], [ -68.986814, -33.507292600000248 ], [ -68.986217100000118, -33.50697210000024 ], [ -68.986169100000097, -33.506946400000253 ], [ -68.986203700000104, -33.506760700000228 ], [ -68.986175000000102, -33.506572300000258 ], [ -68.986324700000111, -33.506112200000253 ], [ -68.986426600000101, -33.505501600000237 ], [ -68.986362000000113, -33.505047200000242 ], [ -68.986025300000108, -33.504819100000255 ], [ -68.985756000000109, -33.504571200000235 ], [ -68.985563400000103, -33.504261000000241 ], [ -68.985890200000114, -33.503497700000246 ], [ -68.986051100000111, -33.502866900000249 ], [ -68.985785500000119, -33.502395400000253 ], [ -68.985551100000094, -33.502367900000252 ], [ -68.984666000000118, -33.502264000000238 ], [ -68.984168200000099, -33.501936500000255 ], [ -68.984335000000101, -33.501151200000251 ], [ -68.984393500000124, -33.500505100000247 ], [ -68.984237900000096, -33.500183000000263 ], [ -68.98401800000012, -33.500107000000234 ], [ -68.98374440000012, -33.50009800000025 ], [ -68.983540500000103, -33.500514000000244 ], [ -68.983003900000114, -33.500910000000239 ], [ -68.982505200000119, -33.501100000000264 ], [ -68.982379100000102, -33.500999400000254 ], [ -68.982344300000094, -33.500565500000256 ], [ -68.982261900000097, -33.499928600000253 ], [ -68.982124400000103, -33.499089600000254 ], [ -68.981555700000101, -33.498921500000257 ], [ -68.981062700000095, -33.498637600000258 ], [ -68.979859600000097, -33.497619700000264 ], [ -68.979353600000096, -33.49680410000024 ], [ -68.979166300000102, -33.496003100000252 ], [ -68.978744800000115, -33.495718500000258 ], [ -68.977950600000099, -33.495396400000253 ], [ -68.976491700000096, -33.495163800000249 ], [ -68.97559360000011, -33.495247700000249 ], [ -68.975551800000105, -33.496129500000265 ], [ -68.974973600000112, -33.49592880000025 ], [ -68.973766600000104, -33.494814900000257 ], [ -68.972777800000117, -33.493698600000243 ], [ -68.971453600000103, -33.492397600000245 ], [ -68.971041500000098, -33.491902500000265 ], [ -68.970069300000105, -33.491213300000247 ], [ -68.968396800000107, -33.489504600000224 ], [ -68.967775200000119, -33.489002700000242 ], [ -68.96738830000011, -33.48869030000025 ], [ -68.966392400000117, -33.48784750000025 ], [ -68.966262200000116, -33.487737300000255 ], [ -68.965290100000118, -33.487457100000263 ], [ -68.964974300000108, -33.48736600000025 ], [ -68.963539400000116, -33.48695960000024 ], [ -68.962190200000109, -33.486319100000252 ], [ -68.960639800000109, -33.485650700000257 ], [ -68.959845900000104, -33.484721900000253 ], [ -68.959642100000096, -33.484234200000266 ], [ -68.959016100000113, -33.483634000000265 ], [ -68.95890700000011, -33.483529400000251 ], [ -68.957930800000099, -33.482824800000259 ], [ -68.957303, -33.482487200000243 ], [ -68.956219600000097, -33.481357300000269 ], [ -68.955494100000109, -33.48041970000024 ], [ -68.954286900000113, -33.479184300000277 ], [ -68.954057700000106, -33.47885610000025 ], [ -68.953837800000116, -33.478619000000258 ], [ -68.953161800000089, -33.478516100000263 ], [ -68.952223100000097, -33.478551900000255 ], [ -68.951670500000105, -33.478350500000253 ], [ -68.950880000000126, -33.478095800000247 ], [ -68.949261900000096, -33.477831500000249 ], [ -68.948012000000119, -33.477308000000264 ], [ -68.946802500000103, -33.477217600000252 ], [ -68.945887700000114, -33.477375100000259 ], [ -68.945338900000095, -33.477360600000253 ], [ -68.944823600000106, -33.476709900000266 ], [ -68.944755200000102, -33.476316100000261 ], [ -68.944783500000113, -33.475969700000249 ], [ -68.944909, -33.475623300000251 ], [ -68.944706700000111, -33.47543640000027 ], [ -68.944234800000103, -33.47540370000025 ], [ -68.943708300000097, -33.47537110000026 ], [ -68.942439000000121, -33.475609500000253 ], [ -68.942064000000101, -33.475613300000262 ], [ -68.941798300000102, -33.475515800000245 ], [ -68.941484000000116, -33.475129400000242 ], [ -68.941181100000094, -33.474946300000248 ], [ -68.940719700000102, -33.474880100000249 ], [ -68.9402824000001, -33.474953500000254 ], [ -68.940094100000096, -33.475197900000261 ], [ -68.940145800000096, -33.475588800000253 ], [ -68.940173200000118, -33.475898600000228 ], [ -68.940126700000107, -33.475991900000253 ], [ -68.940007200000096, -33.476075100000259 ], [ -68.939719600000103, -33.476102700000254 ], [ -68.939224500000094, -33.476058500000242 ], [ -68.938819000000109, -33.475975500000246 ], [ -68.938358800000103, -33.475897700000246 ], [ -68.936495700000108, -33.476442800000264 ], [ -68.935584700000121, -33.475504100000272 ], [ -68.934834500000107, -33.472405000000236 ], [ -68.932583800000117, -33.470318900000258 ], [ -68.928153900000126, -33.468799100000261 ], [ -68.925117300000096, -33.469454700000256 ], [ -68.921580500000118, -33.468501100000246 ], [ -68.915257100000105, -33.46659370000026 ], [ -68.910362700000093, -33.462928000000247 ], [ -68.907719100000108, -33.461199400000254 ], [ -68.904825300000098, -33.45938130000026 ], [ -68.90114560000012, -33.458934200000257 ], [ -68.896138300000104, -33.45898400000025 ], [ -68.894035700000117, -33.458378800000247 ], [ -68.892154300000101, -33.458016500000255 ], [ -68.889042700000104, -33.457141200000251 ], [ -68.887269800000112, -33.45702040000026 ], [ -68.8857864000001, -33.456899700000257 ], [ -68.884339200000113, -33.456235600000269 ], [ -68.883326100000119, -33.455209300000256 ], [ -68.883018500000105, -33.454343000000272 ], [ -68.881327000000113, -33.453629600000248 ], [ -68.879786, -33.450952800000259 ], [ -68.878977700000092, -33.447685800000244 ], [ -68.878522900000092, -33.446315700000248 ], [ -68.876401000000115, -33.444945600000253 ], [ -68.873319100000103, -33.444671600000234 ], [ -68.872232800000106, -33.442542600000266 ], [ -68.873571700000099, -33.44106710000024 ], [ -68.874506400000115, -33.439275300000247 ], [ -68.874393700000127, -33.438272100000241 ], [ -68.874354800000106, -33.437926200000256 ], [ -68.874228500000115, -33.435944600000248 ], [ -68.873117000000121, -33.434679700000252 ], [ -68.871576800000099, -33.432745000000239 ], [ -68.871316000000107, -33.43188840000024 ], [ -68.870237200000119, -33.430948300000246 ], [ -68.868342600000119, -33.429430400000257 ], [ -68.867610000000113, -33.427807000000257 ], [ -68.866271100000105, -33.426394500000242 ], [ -68.863921800000099, -33.426078200000262 ], [ -68.86281030000012, -33.425635500000254 ], [ -68.862456600000129, -33.424475900000253 ], [ -68.861673500000094, -33.423210800000241 ], [ -68.860183100000114, -33.422051200000247 ], [ -68.858844200000092, -33.421460900000241 ], [ -68.857227500000093, -33.420975900000265 ], [ -68.855913900000118, -33.420238000000253 ], [ -68.854751800000116, -33.419415700000251 ], [ -68.852074100000095, -33.418972900000242 ], [ -68.851594200000093, -33.417834300000266 ], [ -68.851897300000118, -33.416442600000245 ], [ -68.852580800000112, -33.415779900000246 ], [ -68.852339700000115, -33.415207800000253 ], [ -68.851293400000102, -33.41497060000026 ], [ -68.849980300000112, -33.415775600000252 ], [ -68.849169000000117, -33.415219700000264 ], [ -68.848537500000106, -33.413743700000246 ], [ -68.847804900000099, -33.413132200000277 ], [ -68.847346400000106, -33.412850200000243 ], [ -68.846940000000117, -33.411228900000246 ], [ -68.846342400000097, -33.410304000000252 ], [ -68.84482610000012, -33.409823600000252 ], [ -68.8424969000001, -33.409472900000246 ], [ -68.839930100000103, -33.408596000000244 ], [ -68.836203300000093, -33.408542600000239 ], [ -68.833170800000104, -33.406880300000246 ], [ -68.832001600000112, -33.406506700000236 ], [ -68.830412200000097, -33.40758190000026 ], [ -68.830521800000099, -33.408237600000255 ], [ -68.830558400000115, -33.40928990000026 ], [ -68.828777200000104, -33.409526200000244 ], [ -68.826548400000107, -33.408405400000255 ], [ -68.823753300000121, -33.408329100000252 ], [ -68.822109100000105, -33.406918500000273 ], [ -68.8210495000001, -33.406994700000247 ], [ -68.820190900000114, -33.407810600000246 ], [ -68.819752500000106, -33.410502200000259 ], [ -68.819003500000107, -33.410868200000259 ], [ -68.817395800000128, -33.410395500000249 ], [ -68.814856500000118, -33.408535000000263 ], [ -68.814107500000105, -33.407414100000246 ], [ -68.813632500000097, -33.405820400000252 ], [ -68.813481700000111, -33.404907000000271 ], [ -68.813276300000112, -33.403662500000266 ], [ -68.813047100000105, -33.402715200000259 ], [ -68.81290180000012, -33.402114500000266 ], [ -68.812445, -33.401321400000256 ], [ -68.811485900000093, -33.400780000000253 ], [ -68.809083600000108, -33.39968950000025 ], [ -68.807813900000113, -33.397973700000257 ], [ -68.807075, -33.397066300000255 ], [ -68.806242800000106, -33.396044300000263 ], [ -68.804379500000096, -33.395563900000241 ], [ -68.80164830000011, -33.396212100000255 ], [ -68.799378900000093, -33.397036700000257 ], [ -68.799125200000105, -33.396359000000238 ], [ -68.799532900000116, -33.395427700000255 ], [ -68.803548600000099, -33.393301600000243 ], [ -68.803518400000115, -33.392319700000236 ], [ -68.804905500000103, -33.392118300000249 ], [ -68.805677000000102, -33.390114500000266 ], [ -68.805991100000114, -33.389298500000244 ], [ -68.806021300000111, -33.388417300000263 ], [ -68.807589300000117, -33.387838200000267 ], [ -68.808041600000095, -33.387007300000256 ], [ -68.808343100000101, -33.386403000000236 ], [ -68.808614500000104, -33.386831100000265 ], [ -68.80921760000011, -33.386629600000248 ], [ -68.80912720000012, -33.385698000000225 ], [ -68.809639800000099, -33.385672900000259 ], [ -68.810242900000105, -33.385849100000257 ], [ -68.812263200000103, -33.386151200000242 ], [ -68.814193100000097, -33.384615300000249 ], [ -68.816394400000092, -33.382726900000257 ], [ -68.817721200000094, -33.380108200000258 ], [ -68.818565500000105, -33.379579400000246 ], [ -68.820646200000098, -33.380234100000251 ], [ -68.820646200000098, -33.378496700000262 ], [ -68.821761900000112, -33.37852180000025 ], [ -68.822787200000107, -33.379252100000251 ], [ -68.82354100000012, -33.37811890000026 ], [ -68.825048800000104, -33.376784400000247 ], [ -68.825862900000118, -33.377363500000264 ], [ -68.825893100000101, -33.378345600000266 ], [ -68.826285100000106, -33.378547000000253 ], [ -68.8267977000001, -33.377313200000259 ], [ -68.82740080000012, -33.376230400000267 ], [ -68.826737400000098, -33.375474900000249 ], [ -68.8269485000001, -33.374492800000255 ], [ -68.828395900000103, -33.374744700000242 ], [ -68.830325800000097, -33.374719500000239 ], [ -68.832587400000094, -33.373611500000258 ], [ -68.833130200000099, -33.372176100000253 ], [ -68.833401600000116, -33.37109320000026 ], [ -68.833552300000107, -33.370035500000256 ], [ -68.834426800000116, -33.369003000000262 ], [ -68.836386900000093, -33.367743800000262 ], [ -68.838045400000098, -33.367013500000255 ], [ -68.839010300000098, -33.367693500000243 ], [ -68.841573400000115, -33.367366100000268 ], [ -68.841271900000095, -33.365678800000254 ], [ -68.84229710000011, -33.364646200000251 ], [ -68.843744600000107, -33.365477300000258 ], [ -68.845764900000106, -33.363361800000241 ], [ -68.846669600000098, -33.365301000000279 ], [ -68.848870800000114, -33.362706900000241 ], [ -68.850046900000109, -33.363991400000259 ], [ -68.852459200000112, -33.364142500000263 ], [ -68.853303600000103, -33.363135100000243 ], [ -68.854901700000113, -33.361271400000248 ], [ -68.856952300000103, -33.360818000000265 ], [ -68.857133200000121, -33.360591400000253 ], [ -68.858128300000118, -33.359961700000248 ], [ -68.858882100000116, -33.360792800000269 ], [ -68.860389900000101, -33.361926200000241 ], [ -68.862078500000095, -33.360641700000251 ], [ -68.864490900000121, -33.35890390000025 ], [ -68.864913000000115, -33.35900460000024 ], [ -68.865666900000107, -33.359684700000251 ], [ -68.866420800000114, -33.359231300000268 ], [ -68.866692200000102, -33.358148300000252 ], [ -68.867536500000114, -33.357694900000268 ], [ -68.868953800000114, -33.358677200000244 ], [ -68.869798100000125, -33.359281700000253 ], [ -68.870702700000095, -33.358677200000258 ], [ -68.871456600000116, -33.356813400000256 ], [ -68.872934200000117, -33.355554000000268 ], [ -68.876070200000115, -33.353765700000245 ], [ -68.880231500000093, -33.352330000000258 ], [ -68.883669200000099, -33.350894300000249 ], [ -68.884875300000118, -33.351272100000259 ], [ -68.88704650000011, -33.350012700000249 ], [ -68.890604700000097, -33.348728000000264 ], [ -68.894404200000096, -33.347418200000256 ], [ -68.897721200000106, -33.346687700000253 ], [ -68.901611100000096, -33.346738000000265 ], [ -68.9069183000001, -33.344798400000258 ], [ -68.910627300000101, -33.343161000000265 ], [ -68.915633000000113, -33.340969400000247 ], [ -68.917872200000104, -33.340069900000266 ], [ -68.918341600000105, -33.339765300000266 ], [ -68.919083700000115, -33.339045200000243 ], [ -68.919467300000093, -33.338632100000247 ], [ -68.919851500000107, -33.338411100000258 ], [ -68.920390300000108, -33.338259200000252 ], [ -68.92124170000011, -33.338047100000246 ], [ -68.9216464000001, -33.338053500000242 ], [ -68.922293700000097, -33.337877000000248 ], [ -68.922812300000118, -33.337557000000253 ], [ -68.922842800000097, -33.337651400000254 ] ] ] ] } },
{ "type": "Feature", "properties": { "fid": 242, "osm_id": "2993821", "osm_way_id": null, "name": "Distrito Anchoris", "type": "boundary", "aeroway": null, "amenity": null, "admin_level": "6", "barrier": null, "boundary": "administrative", "building": null, "craft": null, "geological": null, "historic": null, "land_area": null, "landuse": null, "leisure": null, "man_made": null, "military": null, "natural": null, "office": null, "place": null, "shop": null, "sport": null, "tourism": null, "other_tags": null }, "geometry": { "type": "MultiPolygon", "coordinates": [ [ [ [ -69.06109840000012, -33.302745400000248 ], [ -69.060970800000106, -33.28579290000026 ], [ -69.062511800000095, -33.272330200000248 ], [ -69.082289600000095, -33.244710000000246 ], [ -69.083337100000094, -33.243246900000258 ], [ -69.086912700000113, -33.23825250000025 ], [ -69.086445600000118, -33.238076200000243 ], [ -69.085946100000115, -33.237923500000242 ], [ -69.084408000000124, -33.237539700000262 ], [ -69.083871500000114, -33.237387400000244 ], [ -69.083444100000108, -33.237228400000248 ], [ -69.08271160000011, -33.236877300000245 ], [ -69.082029900000094, -33.236484500000273 ], [ -69.081575800000095, -33.236257200000267 ], [ -69.081269500000118, -33.236126100000256 ], [ -69.080991500000096, -33.236042400000265 ], [ -69.080454800000112, -33.235953100000252 ], [ -69.079099100000107, -33.235887800000256 ], [ -69.078695300000106, -33.235812100000246 ], [ -69.078382800000114, -33.235661600000249 ], [ -69.078165500000097, -33.235504400000238 ], [ -69.077980700000111, -33.235333500000259 ], [ -69.076954000000114, -33.234200600000243 ], [ -69.076564900000093, -33.233591500000266 ], [ -69.07621330000012, -33.233601900000266 ], [ -69.074511000000101, -33.233433100000255 ], [ -69.073123900000112, -33.233761000000257 ], [ -69.072762, -33.234870800000252 ], [ -69.072038300000102, -33.23555180000028 ], [ -69.0709528000001, -33.235526600000242 ], [ -69.070410000000109, -33.236182300000252 ], [ -69.068721300000107, -33.23640930000024 ], [ -69.067394500000105, -33.236056200000249 ], [ -69.065766200000112, -33.235375200000249 ], [ -69.06470520000012, -33.235111400000243 ], [ -69.063534700000105, -33.234820300000258 ], [ -69.061906400000112, -33.235223900000257 ], [ -69.062010500000099, -33.23576800000027 ], [ -69.0620270000001, -33.235854400000264 ], [ -69.061913200000106, -33.236471300000247 ], [ -69.061152500000105, -33.236636300000249 ], [ -69.060121800000104, -33.236487400000257 ], [ -69.059769600000109, -33.236152900000256 ], [ -69.059843200000117, -33.235632200000232 ], [ -69.059852100000114, -33.235569100000241 ], [ -69.059541, -33.23512090000024 ], [ -69.058643300000099, -33.23536970000027 ], [ -69.05798630000011, -33.235551800000252 ], [ -69.0560866000001, -33.235324800000249 ], [ -69.055151800000104, -33.236358900000255 ], [ -69.054005900000121, -33.235703100000244 ], [ -69.053252000000114, -33.236081400000259 ], [ -69.052076000000113, -33.236232800000252 ], [ -69.051593500000095, -33.237039900000248 ], [ -69.051985600000094, -33.238250500000269 ], [ -69.051050800000112, -33.238351400000255 ], [ -69.050387400000119, -33.239133200000254 ], [ -69.050266700000108, -33.240041200000256 ], [ -69.049573200000111, -33.240596000000238 ], [ -69.048608200000103, -33.240772600000241 ], [ -69.047794100000118, -33.240923900000261 ], [ -69.047070400000109, -33.240495200000254 ], [ -69.04571340000011, -33.239789000000265 ], [ -69.044477100000108, -33.240268200000244 ], [ -69.043753400000114, -33.24105000000025 ], [ -69.04309000000012, -33.24198320000027 ], [ -69.041883800000093, -33.242260600000265 ], [ -69.039893600000099, -33.242285800000253 ], [ -69.0375717000001, -33.242361500000257 ], [ -69.036124300000125, -33.242361500000243 ], [ -69.034918100000098, -33.242765000000233 ], [ -69.034737200000109, -33.243445900000268 ], [ -69.034194400000104, -33.243824200000248 ], [ -69.032837400000105, -33.243925100000247 ], [ -69.032204200000109, -33.244379000000265 ], [ -69.0311789000001, -33.245110400000243 ], [ -69.029610900000094, -33.245034700000254 ], [ -69.028495200000094, -33.24523650000026 ], [ -69.027168400000107, -33.245589600000251 ], [ -69.02569080000012, -33.245917400000259 ], [ -69.024725900000121, -33.245715700000261 ], [ -69.023278400000095, -33.245261700000256 ], [ -69.022132600000106, -33.245791300000249 ], [ -69.020293100000103, -33.245690400000271 ], [ -69.018966300000116, -33.245312100000255 ], [ -69.017669700000098, -33.245362600000249 ], [ -69.0167651000001, -33.245690400000264 ], [ -69.016463500000114, -33.246295700000232 ], [ -69.015317600000103, -33.246850500000249 ], [ -69.014262200000132, -33.246245300000254 ], [ -69.013448100000105, -33.245942600000255 ], [ -69.01242280000011, -33.246270500000243 ], [ -69.011759400000116, -33.246951400000256 ], [ -69.010553200000103, -33.247178300000257 ], [ -69.009045500000099, -33.246573100000262 ], [ -69.006512500000099, -33.245816500000252 ], [ -69.005969700000094, -33.24574090000025 ], [ -69.003376500000101, -33.246245300000268 ], [ -69.00253210000011, -33.247102700000255 ], [ -69.001476700000097, -33.247581800000248 ], [ -68.999577000000102, -33.247506200000259 ], [ -68.997888300000099, -33.248035800000245 ], [ -68.995295000000112, -33.248666200000251 ], [ -68.994691900000106, -33.248716700000244 ], [ -68.992882700000109, -33.248514900000252 ], [ -68.991887600000098, -33.247758400000251 ], [ -68.99041, -33.247556600000252 ], [ -68.987877, -33.247657500000265 ], [ -68.985977300000101, -33.247632300000269 ], [ -68.984590200000113, -33.248136600000251 ], [ -68.983655400000103, -33.248994100000239 ], [ -68.979735300000101, -33.258752900000253 ], [ -68.969030400000094, -33.267628300000247 ], [ -68.960979200000097, -33.274284200000238 ], [ -68.949701400000095, -33.28358650000024 ], [ -68.948498900000118, -33.284655300000246 ], [ -68.947319200000095, -33.28570390000025 ], [ -68.946203500000095, -33.286535800000244 ], [ -68.944364, -33.287065100000262 ], [ -68.942826200000098, -33.287695300000266 ], [ -68.9413184000001, -33.288048200000254 ], [ -68.93972020000011, -33.288829600000248 ], [ -68.938152200000104, -33.289938700000263 ], [ -68.936312800000096, -33.289661400000256 ], [ -68.933478300000104, -33.289913500000246 ], [ -68.930583400000117, -33.290921700000261 ], [ -68.92832180000012, -33.290770500000257 ], [ -68.926391900000098, -33.291375400000263 ], [ -68.924823900000121, -33.29298860000025 ], [ -68.923497100000105, -33.292812100000255 ], [ -68.921623500000095, -33.292977500000262 ], [ -68.919396100000114, -33.293618700000259 ], [ -68.916320300000095, -33.293417100000255 ], [ -68.914058700000098, -33.292686100000253 ], [ -68.912701800000107, -33.291829100000271 ], [ -68.910952800000103, -33.291350200000259 ], [ -68.910048200000105, -33.291652700000263 ], [ -68.909987900000118, -33.292484500000256 ], [ -68.908932500000105, -33.292686100000253 ], [ -68.908721400000118, -33.291476200000247 ], [ -68.908058, -33.291148600000255 ], [ -68.906810300000117, -33.291175900000248 ], [ -68.906634500000109, -33.291418400000254 ], [ -68.9074387000001, -33.293735100000248 ], [ -68.908197500000099, -33.295854300000258 ], [ -68.90910620000011, -33.298379800000248 ], [ -68.909896800000112, -33.30068490000027 ], [ -68.910112, -33.301306000000253 ], [ -68.910578400000105, -33.302652100000245 ], [ -68.911282600000106, -33.30450520000025 ], [ -68.912032300000135, -33.306840600000264 ], [ -68.912374800000094, -33.307799400000235 ], [ -68.912960600000119, -33.309439000000246 ], [ -68.914014900000112, -33.312331500000248 ], [ -68.914879800000122, -33.314987900000261 ], [ -68.916199800000115, -33.318829700000244 ], [ -68.917573000000118, -33.322636600000266 ], [ -68.917913600000105, -33.323528200000254 ], [ -68.918141600000098, -33.324124800000249 ], [ -68.918160200000102, -33.32417720000025 ], [ -68.918381900000099, -33.324801100000258 ], [ -68.918534000000108, -33.325229100000271 ], [ -68.918593600000108, -33.325389100000244 ], [ -68.918833200000108, -33.326032400000244 ], [ -68.919033800000108, -33.326570800000248 ], [ -68.919038200000116, -33.326582700000252 ], [ -68.9191991000001, -33.326995100000254 ], [ -68.919333300000105, -33.327352000000261 ], [ -68.919521000000103, -33.327851200000254 ], [ -68.91994480000011, -33.329025500000249 ], [ -68.92061000000011, -33.330827300000237 ], [ -68.921039100000101, -33.331992600000255 ], [ -68.921811600000098, -33.334202200000256 ], [ -68.922183800000099, -33.335858100000259 ], [ -68.922468300000119, -33.336618700000244 ], [ -68.922779400000096, -33.337455300000258 ], [ -68.922812300000118, -33.337557000000253 ], [ -68.922998300000117, -33.337491800000251 ], [ -68.923473100000095, -33.337341700000266 ], [ -68.926156900000109, -33.336636300000251 ], [ -68.929504000000108, -33.33520030000026 ], [ -68.931886300000116, -33.333361200000233 ], [ -68.933816100000101, -33.332756500000265 ], [ -68.9377664000001, -33.332000700000251 ], [ -68.940359700000101, -33.330942600000249 ], [ -68.942440300000101, -33.329330100000234 ], [ -68.9448225000001, -33.328145900000244 ], [ -68.947114300000095, -33.327717600000263 ], [ -68.948742600000102, -33.325903500000265 ], [ -68.952270700000099, -33.323963400000245 ], [ -68.956221000000113, -33.32240120000025 ], [ -68.959387200000108, -33.323056300000253 ], [ -68.96164880000012, -33.323761800000256 ], [ -68.964483300000097, -33.322476800000238 ], [ -68.968403400000099, -33.321443700000245 ], [ -68.969390100000098, -33.319841900000256 ], [ -68.969458800000098, -33.319730300000266 ], [ -68.970936400000099, -33.317084500000249 ], [ -68.972866300000121, -33.315673400000257 ], [ -68.976545100000109, -33.314942600000258 ], [ -68.978414700000116, -33.315547400000256 ], [ -68.981128600000105, -33.315900200000243 ], [ -68.982666500000093, -33.315295400000252 ], [ -68.984536100000099, -33.31426220000025 ], [ -68.987400700000094, -33.313733100000242 ], [ -68.988576800000118, -33.314237000000247 ], [ -68.9895116000001, -33.315396200000265 ], [ -68.990838400000101, -33.315950600000249 ], [ -68.991712800000101, -33.314438600000244 ], [ -68.9930698000001, -33.313581900000251 ], [ -68.995271100000096, -33.313632300000251 ], [ -68.996175700000094, -33.314615000000252 ], [ -68.99735170000011, -33.315471800000253 ], [ -68.999462600000115, -33.315698600000253 ], [ -69.002960500000114, -33.314589800000249 ], [ -69.006247300000098, -33.314463800000262 ], [ -69.007996300000116, -33.314791400000253 ], [ -69.009956300000127, -33.315194600000254 ], [ -69.011976700000105, -33.31600100000027 ], [ -69.013876400000115, -33.316782100000253 ], [ -69.014962, -33.318243600000244 ], [ -69.01466040000011, -33.31965470000025 ], [ -69.014871500000112, -33.321695700000262 ], [ -69.016499900000099, -33.322577600000265 ], [ -69.018520200000111, -33.322426400000232 ], [ -69.019967600000101, -33.320587000000259 ], [ -69.020600900000119, -33.319881500000257 ], [ -69.022048300000108, -33.318898800000248 ], [ -69.024279700000108, -33.318520800000265 ], [ -69.027747500000103, -33.31834440000025 ], [ -69.030974000000114, -33.318042100000255 ], [ -69.032934100000105, -33.317185300000254 ], [ -69.034200600000119, -33.31632860000024 ], [ -69.03585910000011, -33.315950600000257 ], [ -69.036100300000101, -33.315093800000248 ], [ -69.037095400000098, -33.313229100000271 ], [ -69.03806040000012, -33.311969100000248 ], [ -69.039296700000094, -33.312044700000257 ], [ -69.040141000000105, -33.313884300000254 ], [ -69.041136100000102, -33.314438600000265 ], [ -69.04219190000012, -33.31424490000024 ], [ -69.042372500000099, -33.314211800000251 ], [ -69.044242, -33.313027500000246 ], [ -69.0459910000001, -33.312901500000265 ], [ -69.048765200000105, -33.313959900000256 ], [ -69.050876000000116, -33.312851100000252 ], [ -69.052112400000098, -33.310910700000264 ], [ -69.051207700000106, -33.310079100000252 ], [ -69.050484, -33.309650700000255 ], [ -69.052594800000094, -33.308718200000243 ], [ -69.053258200000116, -33.307407800000263 ], [ -69.053559800000102, -33.305920900000245 ], [ -69.055158000000105, -33.305114400000264 ], [ -69.057479900000118, -33.304257600000241 ], [ -69.0592891000001, -33.303854300000253 ], [ -69.06109840000012, -33.302745400000248 ] ] ] ] } },
{ "type": "Feature", "properties": { "fid": 244, "osm_id": "2993823", "osm_way_id": null, "name": "Distrito El Zampalito", "type": "boundary", "aeroway": null, "amenity": null, "admin_level": "6", "barrier": null, "boundary": "administrative", "building": null, "craft": null, "geological": null, "historic": null, "land_area": null, "landuse": null, "leisure": null, "man_made": null, "military": null, "natural": null, "office": null, "place": null, "shop": null, "sport": null, "tourism": null, "other_tags": null }, "geometry": { "type": "MultiPolygon", "coordinates": [ [ [ [ -69.048269900000093, -33.477536000000264 ], [ -69.048685200000094, -33.478147100000243 ], [ -69.053276500000095, -33.485864300000259 ], [ -69.058211800000095, -33.494096200000257 ], [ -69.05823, -33.494127800000264 ], [ -69.060615000000112, -33.498283400000247 ], [ -69.063189900000111, -33.502255700000248 ], [ -69.068218600000108, -33.510768800000257 ], [ -69.07401080000011, -33.520633200000255 ], [ -69.072861600000095, -33.520653500000257 ], [ -69.071426000000102, -33.521057600000255 ], [ -69.070456600000099, -33.521259600000256 ], [ -69.069297600000112, -33.521305100000262 ], [ -69.069168000000104, -33.521310200000265 ], [ -69.068871900000133, -33.521321800000244 ], [ -69.067641500000093, -33.521570500000273 ], [ -69.06676520000012, -33.521974600000263 ], [ -69.065367, -33.521990100000259 ], [ -69.064826300000092, -33.522611800000256 ], [ -69.064621300000098, -33.522705100000266 ], [ -69.063968800000112, -33.522860500000242 ], [ -69.063540000000103, -33.52276720000026 ], [ -69.063111200000108, -33.523140300000257 ], [ -69.062607800000094, -33.523357800000255 ], [ -69.061918000000119, -33.523606500000234 ], [ -69.061619700000094, -33.523824100000247 ], [ -69.061153600000097, -33.523699800000266 ], [ -69.059960500000116, -33.524057200000243 ], [ -69.058730000000111, -33.523964000000262 ], [ -69.0582639000001, -33.524072800000241 ], [ -69.058021600000103, -33.524414700000243 ], [ -69.058040200000093, -33.524958700000262 ], [ -69.057350400000104, -33.525036400000261 ], [ -69.056977500000102, -33.525378300000249 ], [ -69.056586, -33.525487100000255 ], [ -69.056306400000096, -33.526015500000248 ], [ -69.055709800000116, -33.525953300000253 ], [ -69.055281, -33.526373000000248 ], [ -69.054162400000095, -33.526901400000256 ], [ -69.054070500000108, -33.52729980000025 ], [ -69.054168400000108, -33.527802900000239 ], [ -69.054010200000093, -33.528473200000242 ], [ -69.053855500000097, -33.528809800000246 ], [ -69.053408300000115, -33.528968500000261 ], [ -69.052206500000111, -33.531241900000246 ], [ -69.049941600000096, -33.532937200000255 ], [ -69.047720800000107, -33.533850900000232 ], [ -69.046487400000103, -33.53513700000024 ], [ -69.044460900000104, -33.537098600000242 ], [ -69.041976900000108, -33.538787700000249 ], [ -69.039035200000114, -33.538242800000248 ], [ -69.036975000000112, -33.538794200000254 ], [ -69.036296700000108, -33.538728200000257 ], [ -69.034894700000095, -33.539001500000246 ], [ -69.034035500000115, -33.53937850000024 ], [ -69.033481500000093, -33.539925000000245 ], [ -69.033605900000126, -33.540697700000244 ], [ -69.033549300000104, -33.541442200000247 ], [ -69.033067000000131, -33.541766600000265 ], [ -69.032701400000107, -33.541847400000258 ], [ -69.031706500000098, -33.542573000000239 ], [ -69.031163800000115, -33.543242000000248 ], [ -69.030700200000112, -33.543807400000247 ], [ -69.030055800000099, -33.544080700000244 ], [ -69.029117400000104, -33.544099500000257 ], [ -69.0281564000001, -33.544127800000261 ], [ -69.0273380000001, -33.544026000000251 ], [ -69.027059600000101, -33.54410900000024 ], [ -69.024719400000095, -33.544806300000261 ], [ -69.023842200000118, -33.544741000000244 ], [ -69.023106700000113, -33.544234600000273 ], [ -69.021491800000106, -33.54418130000024 ], [ -69.019828900000107, -33.544301200000262 ], [ -69.018373900000114, -33.544647700000255 ], [ -69.017094800000109, -33.545194100000259 ], [ -69.016846200000117, -33.545427200000248 ], [ -69.016756400000105, -33.545511400000244 ], [ -69.016327300000114, -33.545913700000256 ], [ -69.015368, -33.546340100000229 ], [ -69.013481300000095, -33.546446700000246 ], [ -69.012521900000095, -33.546646600000258 ], [ -69.010747200000111, -33.547086400000246 ], [ -69.009755800000093, -33.547073000000253 ], [ -69.008540700000097, -33.547126300000258 ], [ -69.0080770000001, -33.546726600000248 ], [ -69.008029000000107, -33.546286800000274 ], [ -69.008013000000105, -33.545500600000246 ], [ -69.007341500000109, -33.544940900000249 ], [ -69.0074374000001, -33.544674400000247 ], [ -69.007373500000099, -33.544247700000241 ], [ -69.005934500000109, -33.544114700000257 ], [ -69.0048472000001, -33.544114700000236 ], [ -69.004415500000107, -33.543874800000253 ], [ -69.004351500000098, -33.543315100000264 ], [ -69.004127700000097, -33.543341700000241 ], [ -69.003472200000104, -33.543768200000251 ], [ -69.002832600000119, -33.543581600000252 ], [ -69.002704700000095, -33.543195100000261 ], [ -69.001729300000093, -33.542728700000254 ], [ -69.000690100000114, -33.542475500000258 ], [ -68.999826700000114, -33.542635400000258 ], [ -68.999334700000119, -33.542324700000258 ], [ -68.998947300000097, -33.542435500000266 ], [ -68.99829050000011, -33.54209060000025 ], [ -68.998051300000114, -33.541738700000245 ], [ -68.997826100000097, -33.541551100000262 ], [ -68.997727600000118, -33.54111710000025 ], [ -68.997363400000111, -33.54087450000025 ], [ -68.997033200000104, -33.540818200000238 ], [ -68.996809700000099, -33.540531600000257 ], [ -68.996533200000115, -33.540393100000273 ], [ -68.99589760000012, -33.540537200000259 ], [ -68.995347600000116, -33.541077200000245 ], [ -68.994746900000109, -33.541829800000251 ], [ -68.994092400000099, -33.542078800000247 ], [ -68.993464700000104, -33.541931200000256 ], [ -68.993148200000093, -33.541573500000247 ], [ -68.992761300000112, -33.54071220000025 ], [ -68.992466900000096, -33.54026350000025 ], [ -68.992059200000114, -33.540259000000262 ], [ -68.991571100000101, -33.540688200000247 ], [ -68.990808000000115, -33.541244700000249 ], [ -68.990203300000104, -33.541441900000244 ], [ -68.989897400000117, -33.541399100000262 ], [ -68.989403600000102, -33.540919800000253 ], [ -68.989187800000096, -33.540089600000265 ], [ -68.989505100000116, -33.538769100000245 ], [ -68.989425300000093, -33.538340800000242 ], [ -68.989087300000094, -33.537956300000253 ], [ -68.988079600000106, -33.537740100000242 ], [ -68.987242, -33.53758510000025 ], [ -68.987660500000104, -33.537126100000258 ], [ -68.988894300000098, -33.535902500000269 ], [ -68.989023000000103, -33.535465700000245 ], [ -68.988362300000105, -33.534401500000264 ], [ -68.987891100000098, -33.534075000000257 ], [ -68.986913800000096, -33.534019300000246 ], [ -68.986614400000093, -33.533990100000246 ], [ -68.986004200000096, -33.532141000000266 ], [ -68.985922300000098, -33.531079100000248 ], [ -68.986297400000097, -33.53042830000026 ], [ -68.98694690000012, -33.529607900000244 ], [ -68.986845000000102, -33.529272500000246 ], [ -68.98616370000012, -33.528981800000253 ], [ -68.98559400000012, -33.52804890000025 ], [ -68.985139100000112, -33.527210900000263 ], [ -68.985042600000099, -33.526365700000241 ], [ -68.984185700000111, -33.525412100000253 ], [ -68.984162800000107, -33.52483630000026 ], [ -68.984860200000099, -33.524335500000255 ], [ -68.985316200000099, -33.524004500000245 ], [ -68.985203500000082, -33.523704900000261 ], [ -68.984881600000108, -33.523226400000247 ], [ -68.985042600000099, -33.522318500000253 ], [ -68.984742200000099, -33.521674500000266 ], [ -68.984575400000097, -33.520878300000248 ], [ -68.984828, -33.520391000000245 ], [ -68.9852786000001, -33.519957200000242 ], [ -68.986516400000099, -33.518814600000255 ], [ -68.986866500000119, -33.518168300000262 ], [ -68.987353100000107, -33.517847400000242 ], [ -68.987842800000109, -33.517792600000249 ], [ -68.988030600000101, -33.517470600000252 ], [ -68.987832100000119, -33.517170900000252 ], [ -68.986985400000108, -33.516914500000254 ], [ -68.986367600000108, -33.516647700000256 ], [ -68.9863086000001, -33.516365900000253 ], [ -68.986313900000098, -33.515976800000232 ], [ -68.986295900000115, -33.515411300000252 ], [ -68.986120800000108, -33.514863100000234 ], [ -68.985398000000117, -33.514147000000257 ], [ -68.985686300000097, -33.513342500000249 ], [ -68.9857157000001, -33.512728100000231 ], [ -68.985766900000115, -33.512189000000248 ], [ -68.985902600000102, -33.511665800000259 ], [ -68.987033500000095, -33.510657300000254 ], [ -68.987166400000106, -33.510538800000248 ], [ -68.987063600000113, -33.510061700000257 ], [ -68.987052700000106, -33.509683800000253 ], [ -68.994391300000132, -33.50654040000024 ], [ -68.994592900000114, -33.506463300000235 ], [ -68.994756200000097, -33.506397500000254 ], [ -68.994940200000116, -33.506302600000247 ], [ -69.002936600000098, -33.502178800000259 ], [ -69.000392300000115, -33.49774010000025 ], [ -69.000304900000117, -33.497247800000252 ], [ -69.000433300000097, -33.496920100000246 ], [ -69.0010027000001, -33.495873700000232 ], [ -69.001200100000105, -33.495113400000257 ], [ -69.003626600000104, -33.493195300000245 ], [ -69.005043200000117, -33.492548600000262 ], [ -69.006400200000115, -33.493319600000248 ], [ -69.007255700000101, -33.49332860000024 ], [ -69.007197600000111, -33.492806200000246 ], [ -69.007020600000118, -33.492390200000266 ], [ -69.004656100000105, -33.491409100000254 ], [ -69.004660300000097, -33.491213600000258 ], [ -69.005057200000095, -33.491124100000263 ], [ -69.006931500000107, -33.491400900000251 ], [ -69.007369500000095, -33.491093600000255 ], [ -69.007210400000119, -33.490470400000255 ], [ -69.005674, -33.490571000000259 ], [ -69.006094600000097, -33.489808200000226 ], [ -69.006738300000094, -33.489217700000253 ], [ -69.007787100000129, -33.48934000000024 ], [ -69.01085860000012, -33.488701600000248 ], [ -69.013154200000102, -33.487267100000253 ], [ -69.013390200000117, -33.486640700000258 ], [ -69.012510500000118, -33.486050100000263 ], [ -69.01360480000011, -33.485531100000244 ], [ -69.013926700000098, -33.486497500000247 ], [ -69.014248500000122, -33.486569100000246 ], [ -69.0153, -33.485978500000236 ], [ -69.016952200000119, -33.484707900000252 ], [ -69.018625900000117, -33.484851100000256 ], [ -69.018483700000118, -33.483835300000273 ], [ -69.017832, -33.483383600000238 ], [ -69.019312500000098, -33.482327700000241 ], [ -69.021093500000106, -33.480985400000264 ], [ -69.022209300000128, -33.481218000000233 ], [ -69.023537500000103, -33.480821500000246 ], [ -69.023561200000103, -33.480359000000256 ], [ -69.023067600000118, -33.479875700000257 ], [ -69.021630000000101, -33.48010840000024 ], [ -69.020771700000097, -33.479177700000257 ], [ -69.021479800000094, -33.478551300000234 ], [ -69.022853100000106, -33.478640800000235 ], [ -69.024977400000111, -33.478551300000241 ], [ -69.0259, -33.476851000000252 ], [ -69.027101700000102, -33.476958400000257 ], [ -69.028281900000096, -33.476188800000237 ], [ -69.029612200000102, -33.474488500000234 ], [ -69.029462, -33.473575600000252 ], [ -69.031221600000109, -33.473879900000256 ], [ -69.030792400000095, -33.472734400000242 ], [ -69.033170300000094, -33.471880800000257 ], [ -69.034582200000102, -33.472416100000245 ], [ -69.035455800000108, -33.472133100000256 ], [ -69.036095200000119, -33.472871600000225 ], [ -69.037005100000101, -33.473128000000258 ], [ -69.038051200000112, -33.472542200000248 ], [ -69.037939600000101, -33.472061300000263 ], [ -69.03768140000011, -33.471322800000252 ], [ -69.03868970000012, -33.470225300000251 ], [ -69.039833200000103, -33.469691900000264 ], [ -69.04095220000012, -33.470040700000247 ], [ -69.041259600000117, -33.471415100000257 ], [ -69.042120300000093, -33.471928000000261 ], [ -69.042981000000111, -33.471989500000248 ], [ -69.043708900000112, -33.471505000000242 ], [ -69.044027600000121, -33.470630300000266 ], [ -69.048269900000093, -33.477536000000264 ] ] ] ] } },
{ "type": "Feature", "properties": { "fid": 245, "osm_id": "2993828", "osm_way_id": null, "name": "Distrito San José", "type": "boundary", "aeroway": null, "amenity": null, "admin_level": "6", "barrier": null, "boundary": "administrative", "building": null, "craft": null, "geological": null, "historic": null, "land_area": null, "landuse": null, "leisure": null, "man_made": null, "military": null, "natural": null, "office": null, "place": null, "shop": null, "sport": null, "tourism": null, "other_tags": null }, "geometry": { "type": "MultiPolygon", "coordinates": [ [ [ [ -69.291410400000117, -33.095872900000245 ], [ -69.291805100000119, -33.097305300000265 ], [ -69.29219980000012, -33.098746600000261 ], [ -69.292453000000108, -33.09969110000025 ], [ -69.292474800000107, -33.099772400000248 ], [ -69.293104100000107, -33.101609800000261 ], [ -69.293787, -33.10345610000028 ], [ -69.293860500000122, -33.103726300000254 ], [ -69.293891000000102, -33.103978600000247 ], [ -69.293877000000109, -33.104236500000255 ], [ -69.293652700000109, -33.105450100000262 ], [ -69.293498100000093, -33.106695200000239 ], [ -69.293263400000114, -33.108422800000248 ], [ -69.292935900000117, -33.112246700000256 ], [ -69.292769700000093, -33.113686700000258 ], [ -69.292705500000096, -33.115023400000254 ], [ -69.292761200000101, -33.11767160000025 ], [ -69.292804300000114, -33.119256300000245 ], [ -69.292895700000116, -33.120818600000248 ], [ -69.29293800000012, -33.121221100000263 ], [ -69.293049500000109, -33.121754300000255 ], [ -69.293390900000119, -33.123255400000247 ], [ -69.293441200000117, -33.123753500000248 ], [ -69.293399700000109, -33.124455700000254 ], [ -69.293236100000101, -33.127556800000242 ], [ -69.293051000000105, -33.130860000000254 ], [ -69.292804400000108, -33.134780600000269 ], [ -69.292659500000099, -33.137277700000261 ], [ -69.292407400000116, -33.141539300000254 ], [ -69.292381000000105, -33.141985400000245 ], [ -69.292330100000115, -33.14314840000025 ], [ -69.2921951000001, -33.144985700000241 ], [ -69.292074200000116, -33.146467900000246 ], [ -69.292060300000117, -33.146566500000255 ], [ -69.291925000000106, -33.147523900000259 ], [ -69.29184720000012, -33.148074400000269 ], [ -69.291839, -33.148307000000244 ], [ -69.291892500000102, -33.148539600000255 ], [ -69.292502100000092, -33.151244100000255 ], [ -69.292499900000109, -33.151379500000253 ], [ -69.29244850000012, -33.151504500000243 ], [ -69.292316200000116, -33.151628200000253 ], [ -69.283900800000097, -33.156851600000266 ], [ -69.283500100000111, -33.157118100000254 ], [ -69.283344600000106, -33.157221500000247 ], [ -69.283190400000109, -33.157379200000257 ], [ -69.283087100000103, -33.157526800000248 ], [ -69.281411800000114, -33.160960900000248 ], [ -69.279822200000098, -33.164422000000258 ], [ -69.279631300000105, -33.164765400000249 ], [ -69.279466, -33.164927600000247 ], [ -69.27918390000012, -33.165091000000245 ], [ -69.276352600000095, -33.166450300000257 ], [ -69.276309900000115, -33.166470800000234 ], [ -69.275498500000111, -33.166860300000252 ], [ -69.274984000000103, -33.167116000000242 ], [ -69.274730500000118, -33.167241900000249 ], [ -69.273901200000111, -33.167654000000262 ], [ -69.273508300000117, -33.167807800000261 ], [ -69.272778800000111, -33.168018800000254 ], [ -69.271558900000102, -33.168174100000257 ], [ -69.270794000000109, -33.168252300000255 ], [ -69.270278500000117, -33.168291200000255 ], [ -69.269623400000114, -33.168419800000265 ], [ -69.269139500000108, -33.168542400000256 ], [ -69.268930600000118, -33.168648900000264 ], [ -69.26881830000012, -33.168795700000253 ], [ -69.268666700000111, -33.169127400000257 ], [ -69.267661100000112, -33.172096000000266 ], [ -69.267110800000111, -33.173627300000234 ], [ -69.266700400000119, -33.17476930000025 ], [ -69.265718200000109, -33.177478400000247 ], [ -69.264832200000114, -33.179983200000244 ], [ -69.264485400000112, -33.180963700000262 ], [ -69.263846700000116, -33.182886400000243 ], [ -69.262634400000096, -33.186846200000254 ], [ -69.261514900000094, -33.190511400000254 ], [ -69.261420700000116, -33.190754700000262 ], [ -69.261397700000103, -33.190784100000243 ], [ -69.26128970000012, -33.190921700000239 ], [ -69.261062100000117, -33.191142700000242 ], [ -69.257316100000097, -33.194058800000271 ], [ -69.256702000000104, -33.194355800000267 ], [ -69.25550440000012, -33.194936500000239 ], [ -69.255207600000119, -33.195056300000253 ], [ -69.254738300000113, -33.195302700000234 ], [ -69.252441600000111, -33.196764200000239 ], [ -69.250311300000106, -33.198140500000257 ], [ -69.248160700000113, -33.199519300000247 ], [ -69.245906200000093, -33.200991500000264 ], [ -69.241228800000115, -33.204124900000252 ], [ -69.239504400000115, -33.205231800000249 ], [ -69.238767900000099, -33.205744900000248 ], [ -69.238186900000102, -33.206226500000255 ], [ -69.237870400000119, -33.206666300000251 ], [ -69.237626900000123, -33.207296500000254 ], [ -69.237464100000111, -33.208083500000249 ], [ -69.236406400000121, -33.212433400000258 ], [ -69.235797600000112, -33.214957800000242 ], [ -69.235524000000126, -33.215752100000266 ], [ -69.234480400000109, -33.217833100000263 ], [ -69.232072000000102, -33.222684400000233 ], [ -69.230462100000096, -33.226066700000239 ], [ -69.224348200000094, -33.238541100000248 ], [ -69.223589600000096, -33.240089700000247 ], [ -69.222868500000104, -33.241593500000263 ], [ -69.222247100000118, -33.242794500000223 ], [ -69.214325900000119, -33.259066300000249 ], [ -69.214077000000117, -33.259680100000267 ], [ -69.213301300000111, -33.261645500000256 ], [ -69.212963300000112, -33.262529200000252 ], [ -69.212459100000117, -33.263498000000276 ], [ -69.210799900000126, -33.265987500000257 ], [ -69.210458200000119, -33.266597500000259 ], [ -69.210350800000114, -33.267033400000265 ], [ -69.210313300000095, -33.267570800000257 ], [ -69.210391700000116, -33.268254400000238 ], [ -69.210527300000095, -33.268664500000249 ], [ -69.210650100000095, -33.269035900000254 ], [ -69.210817600000084, -33.269620500000265 ], [ -69.210856300000103, -33.269918100000254 ], [ -69.210864500000099, -33.27022360000025 ], [ -69.2107819000001, -33.270689100000261 ], [ -69.210701600000107, -33.270929000000258 ], [ -69.210593000000117, -33.271180800000252 ], [ -69.210413000000102, -33.271475300000255 ], [ -69.209953600000134, -33.271915200000244 ], [ -69.209763, -33.272081100000257 ], [ -69.209501700000104, -33.27224700000027 ], [ -69.209088100000116, -33.272470400000266 ], [ -69.207539100000105, -33.273128500000261 ], [ -69.207261300000113, -33.273249300000252 ], [ -69.207044100000118, -33.273383000000273 ], [ -69.206753800000101, -33.273568200000256 ], [ -69.206520200000114, -33.273741500000234 ], [ -69.205669800000109, -33.27450860000026 ], [ -69.198695500000099, -33.280420900000252 ], [ -69.198066, -33.281013100000244 ], [ -69.197777800000097, -33.281350500000251 ], [ -69.197546300000113, -33.281676000000232 ], [ -69.196582500000119, -33.28295960000024 ], [ -69.196406700000097, -33.283147000000241 ], [ -69.19620260000012, -33.283334500000244 ], [ -69.195906800000117, -33.283563400000247 ], [ -69.193735700000104, -33.28510380000025 ], [ -69.192548500000115, -33.286028400000255 ], [ -69.201496800000101, -33.315703500000247 ], [ -69.167839100000108, -33.328562200000242 ], [ -69.164619000000116, -33.328995900000244 ], [ -69.164592700000114, -33.329117400000243 ], [ -69.1570806000001, -33.32984560000024 ], [ -69.158064700000097, -33.326327200000271 ], [ -69.158381600000112, -33.325244600000246 ], [ -69.158499500000119, -33.324830200000257 ], [ -69.15887330000011, -33.323516700000255 ], [ -69.160240500000114, -33.318787300000253 ], [ -69.160896800000103, -33.316535100000259 ], [ -69.161527700000107, -33.314347300000257 ], [ -69.161635300000114, -33.313916300000258 ], [ -69.161646700000105, -33.313685700000249 ], [ -69.161606300000116, -33.313475800000255 ], [ -69.161532300000104, -33.313268400000254 ], [ -69.161342900000108, -33.312984800000265 ], [ -69.161181, -33.312741900000248 ], [ -69.16116070000011, -33.312711400000239 ], [ -69.161002200000112, -33.312493000000259 ], [ -69.160616900000093, -33.311959200000246 ], [ -69.160248800000119, -33.311428200000272 ], [ -69.159892100000093, -33.310891900000257 ], [ -69.159376400000099, -33.310121700000252 ], [ -69.159172100000106, -33.309828700000239 ], [ -69.15803120000011, -33.308193700000253 ], [ -69.157510000000116, -33.30740390000026 ], [ -69.157448700000103, -33.307313000000249 ], [ -69.157354900000101, -33.307182500000245 ], [ -69.157260400000112, -33.307040500000255 ], [ -69.156969100000097, -33.306602600000247 ], [ -69.156704900000108, -33.306206000000266 ], [ -69.156555900000114, -33.305985200000237 ], [ -69.156398400000114, -33.305718600000262 ], [ -69.156360900000109, -33.305652800000267 ], [ -69.156228100000106, -33.305420000000254 ], [ -69.156082800000092, -33.305195200000249 ], [ -69.155959900000113, -33.305068700000241 ], [ -69.155836600000114, -33.304964400000252 ], [ -69.154288600000115, -33.303788500000259 ], [ -69.154073200000113, -33.303631900000255 ], [ -69.15351720000011, -33.303227600000248 ], [ -69.15201690000012, -33.301534400000243 ], [ -69.151151600000105, -33.300484500000266 ], [ -69.150202100000115, -33.29933250000024 ], [ -69.150119800000112, -33.299214200000257 ], [ -69.150047000000114, -33.299109600000243 ], [ -69.149210700000111, -33.298029700000257 ], [ -69.149013900000099, -33.297740100000247 ], [ -69.147992300000112, -33.296237000000254 ], [ -69.147644100000093, -33.295745200000255 ], [ -69.147188400000118, -33.295060900000266 ], [ -69.146864900000111, -33.294552200000268 ], [ -69.143438300000113, -33.289636900000254 ], [ -69.141352900000115, -33.286662400000232 ], [ -69.141285200000098, -33.286567100000248 ], [ -69.141190800000103, -33.286431200000258 ], [ -69.140947100000119, -33.286084400000249 ], [ -69.1409005000001, -33.286018100000256 ], [ -69.1401563000001, -33.284957800000257 ], [ -69.139900400000101, -33.284572700000268 ], [ -69.139716200000109, -33.284263500000264 ], [ -69.139566000000116, -33.283978700000262 ], [ -69.139390300000102, -33.283643500000252 ], [ -69.139244200000093, -33.283344300000266 ], [ -69.138963800000113, -33.282868800000251 ], [ -69.138656300000108, -33.282415800000258 ], [ -69.138101300000116, -33.281763100000255 ], [ -69.137992100000119, -33.281634700000261 ], [ -69.137104200000095, -33.28056850000025 ], [ -69.136259000000109, -33.279391500000258 ], [ -69.134450900000118, -33.276634600000243 ], [ -69.132681600000112, -33.27392740000024 ], [ -69.132055600000129, -33.272958800000254 ], [ -69.131824200000111, -33.272542000000243 ], [ -69.130999300000113, -33.27135960000026 ], [ -69.130711000000119, -33.271057700000256 ], [ -69.130341300000097, -33.270762600000253 ], [ -69.129895400000109, -33.270499700000258 ], [ -69.1294173000001, -33.270272700000255 ], [ -69.129385600000106, -33.270265300000233 ], [ -69.128910800000114, -33.27008680000025 ], [ -69.127627400000094, -33.269799300000244 ], [ -69.126904600000117, -33.269620000000259 ], [ -69.126288200000118, -33.269425500000231 ], [ -69.125941100000105, -33.26925200000025 ], [ -69.125565100000102, -33.268953600000266 ], [ -69.125091400000116, -33.268505600000253 ], [ -69.124209100000115, -33.267518000000251 ], [ -69.124184000000113, -33.26748990000025 ], [ -69.123912000000118, -33.267200400000242 ], [ -69.123607500000105, -33.266897300000231 ], [ -69.123339900000119, -33.266676100000254 ], [ -69.123089900000096, -33.266469400000247 ], [ -69.122617000000105, -33.266126800000251 ], [ -69.121638600000097, -33.265604800000247 ], [ -69.12011990000012, -33.264910400000247 ], [ -69.119147300000094, -33.264378600000242 ], [ -69.118837200000101, -33.264232800000251 ], [ -69.11836700000012, -33.264056100000253 ], [ -69.11735040000012, -33.263736800000245 ], [ -69.116855200000103, -33.263522600000243 ], [ -69.115850100000117, -33.262942600000265 ], [ -69.115719100000106, -33.262845100000241 ], [ -69.115361700000108, -33.262667100000257 ], [ -69.115168600000104, -33.262593100000252 ], [ -69.114323300000123, -33.262269400000257 ], [ -69.114114500000099, -33.262125500000252 ], [ -69.113954400000125, -33.261981500000246 ], [ -69.113661700000094, -33.261591800000261 ], [ -69.113261100000116, -33.26092170000026 ], [ -69.11321860000011, -33.260854400000269 ], [ -69.112843800000093, -33.260260200000268 ], [ -69.112622800000096, -33.260026800000247 ], [ -69.11238680000011, -33.259889800000245 ], [ -69.112085800000116, -33.259807200000274 ], [ -69.111740300000093, -33.259770700000267 ], [ -69.111459800000119, -33.259788500000262 ], [ -69.111178700000096, -33.259881000000263 ], [ -69.110930100000104, -33.260000700000248 ], [ -69.110098400000112, -33.260454500000243 ], [ -69.109855, -33.260535800000255 ], [ -69.109546600000101, -33.260576300000253 ], [ -69.109238900000094, -33.260563200000256 ], [ -69.108911200000108, -33.260480700000258 ], [ -69.107645000000105, -33.259876700000234 ], [ -69.107329500000105, -33.259727800000256 ], [ -69.106477400000117, -33.259402100000258 ], [ -69.10619560000012, -33.259249100000254 ], [ -69.105962500000118, -33.259096200000258 ], [ -69.105286400000125, -33.258585200000248 ], [ -69.10503610000012, -33.258408200000261 ], [ -69.104737000000114, -33.258231200000239 ], [ -69.104428300000109, -33.258088500000255 ], [ -69.104054600000097, -33.257959400000246 ], [ -69.103225600000101, -33.257756600000235 ], [ -69.102610800000107, -33.257539700000251 ], [ -69.102318700000112, -33.257419300000251 ], [ -69.101132200000094, -33.256768500000241 ], [ -69.100755000000106, -33.25654490000025 ], [ -69.100459100000094, -33.256348400000256 ], [ -69.1002304000001, -33.256143200000238 ], [ -69.100066800000107, -33.255951600000245 ], [ -69.097199800000112, -33.252034600000258 ], [ -69.095600900000093, -33.24967260000026 ], [ -69.093947300000096, -33.247095200000253 ], [ -69.093205900000115, -33.245909200000241 ], [ -69.093078700000106, -33.245650700000255 ], [ -69.09296780000011, -33.245364900000247 ], [ -69.092811500000096, -33.244698900000245 ], [ -69.092726100000093, -33.244112100000251 ], [ -69.092677300000105, -33.243419800000247 ], [ -69.092647900000102, -33.243250600000252 ], [ -69.092569600000104, -33.243067900000256 ], [ -69.092242100000107, -33.242538700000246 ], [ -69.091767400000109, -33.241928400000248 ], [ -69.091567900000101, -33.241743600000248 ], [ -69.091311700000119, -33.241570700000231 ], [ -69.091076600000093, -33.241451100000255 ], [ -69.0905999000001, -33.241208700000243 ], [ -69.090280400000111, -33.241009800000249 ], [ -69.090003400000114, -33.24081080000024 ], [ -69.089839300000108, -33.240653400000248 ], [ -69.088210800000112, -33.239091500000235 ], [ -69.087820800000102, -33.238775500000244 ], [ -69.087389000000115, -33.238495300000245 ], [ -69.086912700000113, -33.23825250000025 ], [ -69.104468000000111, -33.225445200000266 ], [ -69.117938500000093, -33.206095600000232 ], [ -69.145133500000114, -33.195674700000268 ], [ -69.148766200000111, -33.182523400000264 ], [ -69.156673800000107, -33.169737500000259 ], [ -69.162424800000096, -33.15694970000024 ], [ -69.176981900000115, -33.141752400000257 ], [ -69.1825532000001, -33.135131000000243 ], [ -69.194953700000099, -33.126853500000259 ], [ -69.208073100000092, -33.112253100000252 ], [ -69.216250100000096, -33.111000800000262 ], [ -69.225572500000098, -33.110780800000263 ], [ -69.228329800000111, -33.109901000000249 ], [ -69.235682700000112, -33.109241100000254 ], [ -69.251176300000111, -33.105721600000251 ], [ -69.259185700000103, -33.105061700000256 ], [ -69.269295900000117, -33.103454200000272 ], [ -69.276352100000125, -33.100654200000264 ], [ -69.291410400000117, -33.095872900000245 ] ] ] ] } },
{ "type": "Feature", "properties": { "fid": 246, "osm_id": "2993830", "osm_way_id": null, "name": "Distrito La Carrera", "type": "boundary", "aeroway": null, "amenity": null, "admin_level": "6", "barrier": null, "boundary": "administrative", "building": null, "craft": null, "geological": null, "historic": null, "land_area": null, "landuse": null, "leisure": null, "man_made": null, "military": null, "natural": null, "office": null, "place": null, "shop": null, "sport": null, "tourism": null, "other_tags": null }, "geometry": { "type": "MultiPolygon", "coordinates": [ [ [ [ -69.210495800000103, -33.318307100000254 ], [ -69.201496800000101, -33.315703500000247 ], [ -69.192548500000115, -33.286028400000255 ], [ -69.193735700000104, -33.28510380000025 ], [ -69.195906800000117, -33.283563400000247 ], [ -69.19620260000012, -33.283334500000244 ], [ -69.196406700000097, -33.283147000000241 ], [ -69.196582500000119, -33.28295960000024 ], [ -69.197546300000113, -33.281676000000232 ], [ -69.197777800000097, -33.281350500000251 ], [ -69.198066, -33.281013100000244 ], [ -69.198695500000099, -33.280420900000252 ], [ -69.205669800000109, -33.27450860000026 ], [ -69.206520200000114, -33.273741500000234 ], [ -69.206753800000101, -33.273568200000256 ], [ -69.207044100000118, -33.273383000000273 ], [ -69.207261300000113, -33.273249300000252 ], [ -69.207539100000105, -33.273128500000261 ], [ -69.209088100000116, -33.272470400000266 ], [ -69.209501700000104, -33.27224700000027 ], [ -69.209763, -33.272081100000257 ], [ -69.209953600000134, -33.271915200000244 ], [ -69.210413000000102, -33.271475300000255 ], [ -69.210593000000117, -33.271180800000252 ], [ -69.210701600000107, -33.270929000000258 ], [ -69.2107819000001, -33.270689100000261 ], [ -69.210864500000099, -33.27022360000025 ], [ -69.210856300000103, -33.269918100000254 ], [ -69.210817600000084, -33.269620500000265 ], [ -69.210650100000095, -33.269035900000254 ], [ -69.210527300000095, -33.268664500000249 ], [ -69.210391700000116, -33.268254400000238 ], [ -69.210313300000095, -33.267570800000257 ], [ -69.210350800000114, -33.267033400000265 ], [ -69.210458200000119, -33.266597500000259 ], [ -69.210799900000126, -33.265987500000257 ], [ -69.212459100000117, -33.263498000000276 ], [ -69.212963300000112, -33.262529200000252 ], [ -69.213301300000111, -33.261645500000256 ], [ -69.214077000000117, -33.259680100000267 ], [ -69.214325900000119, -33.259066300000249 ], [ -69.222247100000118, -33.242794500000223 ], [ -69.222868500000104, -33.241593500000263 ], [ -69.223589600000096, -33.240089700000247 ], [ -69.224348200000094, -33.238541100000248 ], [ -69.230462100000096, -33.226066700000239 ], [ -69.232072000000102, -33.222684400000233 ], [ -69.234480400000109, -33.217833100000263 ], [ -69.235524000000126, -33.215752100000266 ], [ -69.235797600000112, -33.214957800000242 ], [ -69.236406400000121, -33.212433400000258 ], [ -69.237464100000111, -33.208083500000249 ], [ -69.237626900000123, -33.207296500000254 ], [ -69.237870400000119, -33.206666300000251 ], [ -69.238186900000102, -33.206226500000255 ], [ -69.238767900000099, -33.205744900000248 ], [ -69.239504400000115, -33.205231800000249 ], [ -69.241228800000115, -33.204124900000252 ], [ -69.245906200000093, -33.200991500000264 ], [ -69.248160700000113, -33.199519300000247 ], [ -69.250311300000106, -33.198140500000257 ], [ -69.252441600000111, -33.196764200000239 ], [ -69.254738300000113, -33.195302700000234 ], [ -69.255207600000119, -33.195056300000253 ], [ -69.25550440000012, -33.194936500000239 ], [ -69.256702000000104, -33.194355800000267 ], [ -69.257316100000097, -33.194058800000271 ], [ -69.261062100000117, -33.191142700000242 ], [ -69.26128970000012, -33.190921700000239 ], [ -69.261397700000103, -33.190784100000243 ], [ -69.261420700000116, -33.190754700000262 ], [ -69.261514900000094, -33.190511400000254 ], [ -69.262634400000096, -33.186846200000254 ], [ -69.263846700000116, -33.182886400000243 ], [ -69.264485400000112, -33.180963700000262 ], [ -69.264832200000114, -33.179983200000244 ], [ -69.265718200000109, -33.177478400000247 ], [ -69.266700400000119, -33.17476930000025 ], [ -69.267110800000111, -33.173627300000234 ], [ -69.267661100000112, -33.172096000000266 ], [ -69.268666700000111, -33.169127400000257 ], [ -69.26881830000012, -33.168795700000253 ], [ -69.268930600000118, -33.168648900000264 ], [ -69.269139500000108, -33.168542400000256 ], [ -69.269623400000114, -33.168419800000265 ], [ -69.270278500000117, -33.168291200000255 ], [ -69.270794000000109, -33.168252300000255 ], [ -69.271558900000102, -33.168174100000257 ], [ -69.272778800000111, -33.168018800000254 ], [ -69.273508300000117, -33.167807800000261 ], [ -69.273901200000111, -33.167654000000262 ], [ -69.274730500000118, -33.167241900000249 ], [ -69.274984000000103, -33.167116000000242 ], [ -69.275498500000111, -33.166860300000252 ], [ -69.276309900000115, -33.166470800000234 ], [ -69.276352600000095, -33.166450300000257 ], [ -69.27918390000012, -33.165091000000245 ], [ -69.279466, -33.164927600000247 ], [ -69.279631300000105, -33.164765400000249 ], [ -69.279822200000098, -33.164422000000258 ], [ -69.281411800000114, -33.160960900000248 ], [ -69.283087100000103, -33.157526800000248 ], [ -69.283190400000109, -33.157379200000257 ], [ -69.283344600000106, -33.157221500000247 ], [ -69.283500100000111, -33.157118100000254 ], [ -69.283900800000097, -33.156851600000266 ], [ -69.292316200000116, -33.151628200000253 ], [ -69.29244850000012, -33.151504500000243 ], [ -69.292499900000109, -33.151379500000253 ], [ -69.292502100000092, -33.151244100000255 ], [ -69.291892500000102, -33.148539600000255 ], [ -69.291839, -33.148307000000244 ], [ -69.29184720000012, -33.148074400000269 ], [ -69.291925000000106, -33.147523900000259 ], [ -69.292060300000117, -33.146566500000255 ], [ -69.292074200000116, -33.146467900000246 ], [ -69.2921951000001, -33.144985700000241 ], [ -69.292330100000115, -33.14314840000025 ], [ -69.292381000000105, -33.141985400000245 ], [ -69.292407400000116, -33.141539300000254 ], [ -69.292659500000099, -33.137277700000261 ], [ -69.292804400000108, -33.134780600000269 ], [ -69.293051000000105, -33.130860000000254 ], [ -69.293236100000101, -33.127556800000242 ], [ -69.293399700000109, -33.124455700000254 ], [ -69.293441200000117, -33.123753500000248 ], [ -69.293390900000119, -33.123255400000247 ], [ -69.293049500000109, -33.121754300000255 ], [ -69.29293800000012, -33.121221100000263 ], [ -69.292895700000116, -33.120818600000248 ], [ -69.292804300000114, -33.119256300000245 ], [ -69.292761200000101, -33.11767160000025 ], [ -69.292705500000096, -33.115023400000254 ], [ -69.292769700000093, -33.113686700000258 ], [ -69.292935900000117, -33.112246700000256 ], [ -69.293263400000114, -33.108422800000248 ], [ -69.293498100000093, -33.106695200000239 ], [ -69.293652700000109, -33.105450100000262 ], [ -69.293877000000109, -33.104236500000255 ], [ -69.293891000000102, -33.103978600000247 ], [ -69.293860500000122, -33.103726300000254 ], [ -69.293787, -33.10345610000028 ], [ -69.293104100000107, -33.101609800000261 ], [ -69.292474800000107, -33.099772400000248 ], [ -69.292453000000108, -33.09969110000025 ], [ -69.29219980000012, -33.098746600000261 ], [ -69.291805100000119, -33.097305300000265 ], [ -69.291410400000117, -33.095872900000245 ], [ -69.296575800000113, -33.094236400000248 ], [ -69.318022000000113, -33.090713400000254 ], [ -69.342271600000117, -33.084254100000258 ], [ -69.371006700000095, -33.077207200000259 ], [ -69.398059800000112, -33.074740600000261 ], [ -69.400644500000098, -33.068317500000269 ], [ -69.42062730000012, -33.057237600000263 ], [ -69.422729900000107, -33.037616100000257 ], [ -69.444456400000121, -33.002944600000248 ], [ -69.459354300000115, -33.003253700000258 ], [ -69.471222400000102, -33.014839300000233 ], [ -69.49485460000011, -33.015363100000251 ], [ -69.507139200000111, -33.016236100000263 ], [ -69.515021000000118, -33.033350500000225 ], [ -69.58616670000012, -33.122654600000253 ], [ -69.566172900000097, -33.143800800000243 ], [ -69.566078800000128, -33.144539600000279 ], [ -69.566938200000109, -33.144427400000232 ], [ -69.56858360000011, -33.144635400000247 ], [ -69.569272800000093, -33.146209300000251 ], [ -69.567987900000119, -33.146989500000252 ], [ -69.566139000000121, -33.147841800000258 ], [ -69.564794900000109, -33.148902900000252 ], [ -69.565059600000097, -33.150021900000262 ], [ -69.566115500000095, -33.150172100000248 ], [ -69.567559100000111, -33.150704900000243 ], [ -69.568071400000107, -33.15096490000024 ], [ -69.568459400000108, -33.151562700000248 ], [ -69.568583600000096, -33.152316500000254 ], [ -69.56847500000012, -33.153902000000244 ], [ -69.568459400000108, -33.154473800000261 ], [ -69.568552600000118, -33.155058600000245 ], [ -69.568521500000102, -33.155734400000256 ], [ -69.568133400000107, -33.156293200000242 ], [ -69.566767400000117, -33.157202900000257 ], [ -69.566177600000117, -33.157345800000265 ], [ -69.564532100000108, -33.157878600000259 ], [ -69.562660300000104, -33.158255500000259 ], [ -69.561108000000118, -33.15913920000024 ], [ -69.559198600000116, -33.160321700000246 ], [ -69.557972300000117, -33.160685600000257 ], [ -69.557103, -33.161140400000264 ], [ -69.554716900000102, -33.166808600000252 ], [ -69.552761000000103, -33.169641200000257 ], [ -69.553102500000108, -33.171044500000242 ], [ -69.554530600000106, -33.173617200000258 ], [ -69.55425120000011, -33.174838500000263 ], [ -69.555213600000116, -33.176449600000247 ], [ -69.555524100000099, -33.177982700000243 ], [ -69.556114000000107, -33.179437900000259 ], [ -69.556362300000117, -33.181230700000242 ], [ -69.555399900000097, -33.183153500000259 ], [ -69.555865600000118, -33.185518000000265 ], [ -69.556176100000101, -33.187024900000232 ], [ -69.556765900000102, -33.188583800000266 ], [ -69.556486500000133, -33.189779000000243 ], [ -69.555958700000119, -33.190792200000239 ], [ -69.5556172000001, -33.192481000000257 ], [ -69.554810000000103, -33.194507400000234 ], [ -69.55400280000012, -33.195780400000267 ], [ -69.553381900000119, -33.19692350000026 ], [ -69.552854100000118, -33.198248400000239 ], [ -69.549594300000109, -33.200404600000233 ], [ -69.546551800000117, -33.201443800000263 ], [ -69.542981500000096, -33.202301000000254 ], [ -69.540125300000099, -33.202353000000251 ], [ -69.538759300000095, -33.203106300000258 ], [ -69.537424300000097, -33.203859700000258 ], [ -69.536182500000109, -33.20466490000026 ], [ -69.533729800000117, -33.205392300000256 ], [ -69.532022300000108, -33.205314400000255 ], [ -69.530004300000101, -33.205548100000257 ], [ -69.528203600000097, -33.205911800000258 ], [ -69.5273964000001, -33.206379400000259 ], [ -69.526318400000108, -33.207163800000245 ], [ -69.525576600000122, -33.208245700000255 ], [ -69.52428140000012, -33.208558000000238 ], [ -69.523513000000108, -33.209109000000254 ], [ -69.522217800000107, -33.210211100000258 ], [ -69.521295800000118, -33.210302900000258 ], [ -69.521010400000108, -33.210798800000255 ], [ -69.520285900000118, -33.211129400000253 ], [ -69.519824900000103, -33.211423300000241 ], [ -69.519451700000104, -33.212635500000253 ], [ -69.519561500000108, -33.213792600000239 ], [ -69.519517600000114, -33.215610800000242 ], [ -69.519100500000107, -33.216841400000263 ], [ -69.51932, -33.217355600000246 ], [ -69.518529700000116, -33.218182100000263 ], [ -69.517893100000109, -33.218622800000247 ], [ -69.51741010000012, -33.219522700000255 ], [ -69.516422200000108, -33.219816600000243 ], [ -69.515434400000103, -33.220441000000257 ], [ -69.514995300000109, -33.22067970000024 ], [ -69.514380600000109, -33.221689800000263 ], [ -69.513590300000104, -33.222057100000235 ], [ -69.512931700000095, -33.223067100000243 ], [ -69.511768200000105, -33.223838500000248 ], [ -69.511197500000094, -33.224664800000255 ], [ -69.510670600000111, -33.226280900000248 ], [ -69.509463200000113, -33.227290900000256 ], [ -69.50814600000011, -33.229163900000259 ], [ -69.507443500000107, -33.230210600000248 ], [ -69.505336100000093, -33.232102000000246 ], [ -69.504809200000096, -33.232671300000234 ], [ -69.504150600000116, -33.233093600000238 ], [ -69.503074900000101, -33.233460800000252 ], [ -69.501582100000107, -33.233956600000241 ], [ -69.500550400000094, -33.234691100000234 ], [ -69.499233200000106, -33.235205200000266 ], [ -69.49855260000011, -33.235774500000254 ], [ -69.49688420000011, -33.236674200000245 ], [ -69.495259700000105, -33.236031500000252 ], [ -69.493327900000097, -33.235976400000261 ], [ -69.492362000000114, -33.236160100000255 ], [ -69.491593600000101, -33.236747600000257 ], [ -69.490869200000134, -33.236729300000256 ], [ -69.48957390000011, -33.23683940000025 ], [ -69.489134900000096, -33.237261800000269 ], [ -69.488586100000106, -33.237463700000255 ], [ -69.486873700000118, -33.237518800000245 ], [ -69.485732200000101, -33.237169900000254 ], [ -69.484437000000113, -33.236710900000247 ], [ -69.482812500000108, -33.236527300000262 ], [ -69.480814800000132, -33.236325300000253 ], [ -69.479453700000107, -33.236013200000258 ], [ -69.478729200000103, -33.235976400000247 ], [ -69.477851100000095, -33.235701000000255 ], [ -69.477499900000097, -33.235701000000262 ], [ -69.477082800000119, -33.235847900000259 ], [ -69.47565590000012, -33.235921400000258 ], [ -69.473548400000112, -33.236343700000248 ], [ -69.473043500000102, -33.236380400000257 ], [ -69.472626400000095, -33.236729300000256 ], [ -69.471375100000103, -33.237408600000251 ], [ -69.46961880000012, -33.237904400000247 ], [ -69.468960200000097, -33.237794200000252 ], [ -69.467994300000115, -33.237518800000238 ], [ -69.467160100000115, -33.237335200000246 ], [ -69.466216100000096, -33.237665700000257 ], [ -69.465755100000095, -33.237867700000265 ], [ -69.464152600000105, -33.238436900000259 ], [ -69.462242700000118, -33.238675600000256 ], [ -69.461145000000116, -33.238987700000258 ], [ -69.459805900000106, -33.239777200000262 ], [ -69.459257100000116, -33.240640200000243 ], [ -69.458093600000097, -33.241135900000252 ], [ -69.457435000000103, -33.240952300000238 ], [ -69.456469100000106, -33.24100740000025 ], [ -69.455942200000095, -33.241576600000244 ], [ -69.454822600000099, -33.242219200000278 ], [ -69.453746900000098, -33.242843500000248 ], [ -69.45177120000011, -33.243449400000252 ], [ -69.449751500000104, -33.243541200000266 ], [ -69.449051100000105, -33.243106900000242 ], [ -69.448898400000104, -33.243151700000247 ], [ -69.448581900000107, -33.243147300000224 ], [ -69.448383500000105, -33.243281900000255 ], [ -69.448174200000096, -33.243313300000239 ], [ -69.447935500000099, -33.243279600000271 ], [ -69.447562800000114, -33.243253600000251 ], [ -69.4475300000001, -33.243247900000263 ], [ -69.447454800000131, -33.243234700000251 ], [ -69.446261000000106, -33.243265800000259 ], [ -69.444043800000117, -33.24416540000027 ], [ -69.442594900000117, -33.244404100000246 ], [ -69.441650900000113, -33.244954900000252 ], [ -69.440816700000113, -33.244918200000249 ], [ -69.439916700000111, -33.245193600000249 ], [ -69.43895070000012, -33.245432200000245 ], [ -69.438138500000107, -33.245524000000266 ], [ -69.437084700000099, -33.245964700000258 ], [ -69.436360300000118, -33.246148300000236 ], [ -69.43590020000012, -33.246241900000236 ], [ -69.435130900000118, -33.246570500000246 ], [ -69.43392350000012, -33.246809200000257 ], [ -69.43210150000013, -33.247194800000251 ], [ -69.430213500000107, -33.247543600000249 ], [ -69.429072000000104, -33.247103000000251 ], [ -69.426964500000111, -33.24822290000025 ], [ -69.425471700000131, -33.248938900000262 ], [ -69.424242300000117, -33.24934280000025 ], [ -69.423144700000108, -33.249710000000242 ], [ -69.422595900000118, -33.250297500000258 ], [ -69.42138850000012, -33.251086900000239 ], [ -69.419829800000102, -33.251637600000258 ], [ -69.417327200000102, -33.253032900000264 ], [ -69.415395400000094, -33.252977800000245 ], [ -69.414253800000097, -33.252812600000247 ], [ -69.41262930000012, -33.253143000000264 ], [ -69.411575600000106, -33.253675400000247 ], [ -69.408919300000107, -33.254721800000247 ], [ -69.407075200000108, -33.25574980000026 ], [ -69.405692200000104, -33.25674120000027 ], [ -69.401740700000119, -33.257567200000253 ], [ -69.39980890000011, -33.258062900000233 ], [ -69.398447800000113, -33.258246400000239 ], [ -69.397350100000111, -33.258228100000252 ], [ -69.394715800000114, -33.258962400000243 ], [ -69.39405720000012, -33.259090900000245 ], [ -69.392740100000097, -33.259494700000246 ], [ -69.390215500000096, -33.259513100000255 ], [ -69.388986100000096, -33.260284100000241 ], [ -69.387712900000096, -33.260632800000266 ], [ -69.386242, -33.261440500000241 ], [ -69.384288200000114, -33.262523500000242 ], [ -69.38196120000012, -33.262652000000244 ], [ -69.380622100000096, -33.263624900000259 ], [ -69.378843900000106, -33.264524400000262 ], [ -69.376841000000113, -33.265505300000257 ], [ -69.373332800000099, -33.265920600000243 ], [ -69.372246200000106, -33.267322300000245 ], [ -69.37044560000011, -33.268620200000271 ], [ -69.368986400000111, -33.26934710000026 ], [ -69.368179200000114, -33.269736400000255 ], [ -69.367620400000106, -33.270800700000251 ], [ -69.364671000000115, -33.271787000000266 ], [ -69.360231400000117, -33.272176400000262 ], [ -69.357965100000115, -33.272176400000269 ], [ -69.356568000000109, -33.272306200000251 ], [ -69.355543500000095, -33.272825300000257 ], [ -69.353991200000095, -33.273785700000232 ], [ -69.3527804000001, -33.274538400000239 ], [ -69.351973200000117, -33.275472800000252 ], [ -69.351135000000113, -33.276095800000242 ], [ -69.349800000000116, -33.277263800000249 ], [ -69.348092500000121, -33.278769100000247 ], [ -69.345857200000111, -33.279885200000244 ], [ -69.344615300000115, -33.280534100000246 ], [ -69.34222480000011, -33.281883700000257 ], [ -69.34116920000011, -33.282688200000251 ], [ -69.339275400000133, -33.283726400000262 ], [ -69.336450200000115, -33.28471260000024 ], [ -69.333656100000113, -33.284089700000251 ], [ -69.331234500000107, -33.284738500000252 ], [ -69.328378300000097, -33.285179700000256 ], [ -69.326546600000114, -33.285750700000257 ], [ -69.324187100000117, -33.285724700000245 ], [ -69.321144600000096, -33.28735980000026 ], [ -69.316736000000105, -33.28821620000025 ], [ -69.315494200000117, -33.288994700000238 ], [ -69.31294840000011, -33.289903000000244 ], [ -69.310154300000093, -33.291641800000242 ], [ -69.308260500000117, -33.292160800000254 ], [ -69.307329100000132, -33.293224800000253 ], [ -69.301119900000117, -33.294859600000258 ], [ -69.299816000000121, -33.296442600000233 ], [ -69.298046300000109, -33.29745460000025 ], [ -69.296276700000121, -33.297843800000244 ], [ -69.294724400000106, -33.298726100000245 ], [ -69.294569200000097, -33.299504500000253 ], [ -69.293047900000118, -33.300308900000275 ], [ -69.292613300000099, -33.30134690000024 ], [ -69.288494100000108, -33.301905600000254 ], [ -69.280854600000097, -33.303410100000264 ], [ -69.27462, -33.303740400000258 ], [ -69.271327, -33.303777100000225 ], [ -69.266936500000114, -33.304657700000256 ], [ -69.263907000000117, -33.305208200000244 ], [ -69.2617556000001, -33.304914600000252 ], [ -69.259472500000115, -33.305391600000249 ], [ -69.257804100000129, -33.30594200000025 ], [ -69.251964700000116, -33.305978700000253 ], [ -69.250867000000113, -33.306712600000246 ], [ -69.248057100000111, -33.306786000000258 ], [ -69.247480600000102, -33.306308400000262 ], [ -69.246595500000112, -33.306958400000255 ], [ -69.246541900000111, -33.307496400000247 ], [ -69.246230700000098, -33.307725100000241 ], [ -69.246230700000098, -33.308267500000241 ], [ -69.245825200000098, -33.308569700000241 ], [ -69.243754300000106, -33.309244500000261 ], [ -69.242113200000119, -33.308365200000239 ], [ -69.241467100000094, -33.308509600000242 ], [ -69.240549200000117, -33.309244500000247 ], [ -69.239275900000095, -33.310381900000245 ], [ -69.237256600000109, -33.310515700000252 ], [ -69.236113400000093, -33.31070640000025 ], [ -69.235485800000106, -33.311387800000254 ], [ -69.23482060000012, -33.311136700000255 ], [ -69.234406500000119, -33.311442100000271 ], [ -69.232428100000121, -33.311943700000263 ], [ -69.231469500000102, -33.312203200000241 ], [ -69.230266200000102, -33.312589200000254 ], [ -69.228733300000101, -33.31289840000025 ], [ -69.227922000000106, -33.312652000000249 ], [ -69.22612930000011, -33.313375000000264 ], [ -69.2225040000001, -33.315775500000264 ], [ -69.220352600000098, -33.315848900000262 ], [ -69.217981700000109, -33.317243100000248 ], [ -69.217147500000095, -33.317316500000253 ], [ -69.21530340000011, -33.31775680000024 ], [ -69.213371600000102, -33.317903500000263 ], [ -69.212493500000093, -33.318288700000274 ], [ -69.2122959000001, -33.318839100000247 ], [ -69.211549500000118, -33.319077600000256 ], [ -69.211110500000117, -33.318380500000252 ], [ -69.210495800000103, -33.318307100000254 ] ] ] ] } },
{ "type": "Feature", "properties": { "fid": 247, "osm_id": "3000569", "osm_way_id": null, "name": "Distrito El Peral", "type": "boundary", "aeroway": null, "amenity": null, "admin_level": "6", "barrier": null, "boundary": "administrative", "building": null, "craft": null, "geological": null, "historic": null, "land_area": null, "landuse": null, "leisure": null, "man_made": null, "military": null, "natural": null, "office": null, "place": null, "shop": null, "sport": null, "tourism": null, "other_tags": "\"wikidata\"=>\"Q5822790\",\"wikipedia\"=>\"es:El Peral (Argentina)\"" }, "geometry": { "type": "MultiPolygon", "coordinates": [ [ [ [ -69.201496800000101, -33.315703500000247 ], [ -69.167839100000108, -33.328562200000242 ], [ -69.164619000000116, -33.328995900000244 ], [ -69.164592700000114, -33.329117400000243 ], [ -69.1570806000001, -33.32984560000024 ], [ -69.15615360000011, -33.33309050000026 ], [ -69.155801300000093, -33.334424600000276 ], [ -69.155592300000109, -33.335263400000251 ], [ -69.154273100000097, -33.340127800000246 ], [ -69.15405050000011, -33.340931400000265 ], [ -69.153881700000099, -33.341327100000242 ], [ -69.153458100000094, -33.342190300000254 ], [ -69.153015100000118, -33.343131300000259 ], [ -69.152802700000109, -33.343680100000249 ], [ -69.152542800000106, -33.344435800000262 ], [ -69.152167200000108, -33.345453100000256 ], [ -69.151512300000107, -33.347288500000261 ], [ -69.151289900000108, -33.347924000000248 ], [ -69.151207, -33.348219000000263 ], [ -69.15113970000013, -33.348499600000245 ], [ -69.151126300000101, -33.348828200000256 ], [ -69.151141700000096, -33.349057000000265 ], [ -69.151158400000099, -33.34930490000027 ], [ -69.1512065000001, -33.349606900000246 ], [ -69.151266200000109, -33.349785900000249 ], [ -69.151358100000095, -33.349985100000254 ], [ -69.151533600000107, -33.350280500000245 ], [ -69.151871800000109, -33.350837700000241 ], [ -69.151986300000104, -33.351086500000257 ], [ -69.1520261000001, -33.351210500000249 ], [ -69.152050300000099, -33.351371800000251 ], [ -69.152054600000113, -33.351503200000238 ], [ -69.152059700000109, -33.351556700000245 ], [ -69.152032500000118, -33.351797300000243 ], [ -69.1519957000001, -33.35192440000025 ], [ -69.151933700000114, -33.35206460000024 ], [ -69.151586700000095, -33.352594500000251 ], [ -69.150706900000117, -33.353858500000257 ], [ -69.1485069000001, -33.35702350000026 ], [ -69.147502900000134, -33.358447100000241 ], [ -69.147182100000094, -33.358906800000248 ], [ -69.147236000000106, -33.35894880000027 ], [ -69.148057300000119, -33.35958850000025 ], [ -69.148273400000093, -33.359809500000253 ], [ -69.14884210000011, -33.360242800000229 ], [ -69.149318300000118, -33.360613400000254 ], [ -69.149943100000115, -33.361039600000254 ], [ -69.150628400000116, -33.361487000000238 ], [ -69.151370400000118, -33.361968400000258 ], [ -69.152691000000104, -33.362627400000228 ], [ -69.153590300000104, -33.362408600000251 ], [ -69.154659200000097, -33.364486600000255 ], [ -69.154696200000103, -33.365631400000254 ], [ -69.154239300000114, -33.366497700000238 ], [ -69.153943000000126, -33.369292500000242 ], [ -69.1538812000001, -33.371973800000241 ], [ -69.1538812000001, -33.372891700000245 ], [ -69.153465500000095, -33.374067700000239 ], [ -69.153146300000103, -33.374497700000241 ], [ -69.153015700000097, -33.374920600000252 ], [ -69.153144400000116, -33.374962200000247 ], [ -69.153490400000109, -33.375248900000251 ], [ -69.153660300000112, -33.375378100000255 ], [ -69.15391150000012, -33.375520900000247 ], [ -69.154817000000108, -33.375987800000239 ], [ -69.154840100000101, -33.375999900000259 ], [ -69.155832400000108, -33.376521800000248 ], [ -69.15693250000011, -33.377112500000244 ], [ -69.157653800000119, -33.377484000000251 ], [ -69.15914810000011, -33.37828770000025 ], [ -69.1594355000001, -33.37846280000025 ], [ -69.159709500000105, -33.378660300000234 ], [ -69.159926900000102, -33.378900900000261 ], [ -69.15999450000011, -33.378967000000245 ], [ -69.160244200000093, -33.379211100000262 ], [ -69.160422, -33.379360100000248 ], [ -69.160560000000117, -33.379458800000251 ], [ -69.162290800000093, -33.380336800000244 ], [ -69.16257640000012, -33.380529500000243 ], [ -69.162827100000101, -33.380749100000259 ], [ -69.163041200000109, -33.380994300000253 ], [ -69.163212000000101, -33.381281800000252 ], [ -69.163347900000105, -33.381592400000251 ], [ -69.1641410000001, -33.383699500000247 ], [ -69.164289700000111, -33.384046100000255 ], [ -69.164518900000118, -33.384533800000249 ], [ -69.164791400000112, -33.385138200000249 ], [ -69.165070200000102, -33.385766700000254 ], [ -69.165197900000095, -33.386018000000256 ], [ -69.165314800000118, -33.386222200000233 ], [ -69.165453100000093, -33.386330400000254 ], [ -69.165618400000099, -33.386378200000252 ], [ -69.167958800000093, -33.386618600000247 ], [ -69.170785, -33.386883000000253 ], [ -69.170931300000106, -33.386896700000243 ], [ -69.171453500000098, -33.386940500000257 ], [ -69.172145400000119, -33.386998500000239 ], [ -69.174517900000097, -33.387212900000272 ], [ -69.175508800000117, -33.387306100000259 ], [ -69.176683400000101, -33.387409900000264 ], [ -69.179597700000102, -33.387667300000253 ], [ -69.180644400000119, -33.387725600000245 ], [ -69.182109700000098, -33.387853700000242 ], [ -69.183756500000115, -33.387958600000246 ], [ -69.184942700000093, -33.388005200000258 ], [ -69.187719900000118, -33.388168400000254 ], [ -69.190495000000112, -33.388301300000251 ], [ -69.190624200000101, -33.388283900000246 ], [ -69.190718400000094, -33.388233400000246 ], [ -69.190775300000112, -33.388158400000272 ], [ -69.190994200000105, -33.387510100000242 ], [ -69.190809900000104, -33.387445200000258 ], [ -69.189375300000108, -33.386837800000244 ], [ -69.189097400000094, -33.386704800000238 ], [ -69.188974500000114, -33.386635200000264 ], [ -69.188857400000117, -33.38653650000024 ], [ -69.188404700000106, -33.385765800000236 ], [ -69.18754490000012, -33.38422230000026 ], [ -69.187323500000119, -33.383919000000247 ], [ -69.187136700000096, -33.383618400000273 ], [ -69.187109500000105, -33.383561600000256 ], [ -69.187052700000095, -33.383381500000255 ], [ -69.1866160000001, -33.381796700000251 ], [ -69.186587600000095, -33.381602600000257 ], [ -69.186581100000097, -33.381354700000244 ], [ -69.186567900000099, -33.379544300000241 ], [ -69.186544700000113, -33.379176600000264 ], [ -69.186505300000107, -33.378673100000242 ], [ -69.259264600000094, -33.353955100000263 ], [ -69.319592200000102, -33.335318500000255 ], [ -69.423296200000109, -33.302591600000248 ], [ -69.43771940000012, -33.297596200000264 ], [ -69.442201100000119, -33.307201700000256 ], [ -69.442448100000107, -33.307263600000255 ], [ -69.442695100000108, -33.307583500000263 ], [ -69.442830900000104, -33.307753800000235 ], [ -69.443084, -33.307764100000256 ], [ -69.443540900000116, -33.30754740000026 ], [ -69.443787900000117, -33.307439000000265 ], [ -69.444158400000106, -33.307191400000249 ], [ -69.444553500000097, -33.30711910000025 ], [ -69.444831400000112, -33.306984900000245 ], [ -69.445189500000112, -33.307026200000259 ], [ -69.445492000000115, -33.306804300000245 ], [ -69.44589950000011, -33.306587600000277 ], [ -69.446195900000106, -33.306665000000258 ], [ -69.446862700000096, -33.306794000000224 ], [ -69.447159100000107, -33.306541200000247 ], [ -69.44743080000012, -33.306474100000258 ], [ -69.447646900000109, -33.306303800000265 ], [ -69.448165500000101, -33.306087100000255 ], [ -69.448375400000117, -33.305983900000257 ], [ -69.448770600000103, -33.306174800000264 ], [ -69.4489990000001, -33.306577300000249 ], [ -69.449455900000117, -33.306659900000248 ], [ -69.449937500000104, -33.30653600000025 ], [ -69.450345, -33.30631410000025 ], [ -69.450530300000111, -33.306272800000258 ], [ -69.45042530000012, -33.305963200000257 ], [ -69.450530300000096, -33.305803300000235 ], [ -69.450845100000095, -33.305762000000243 ], [ -69.451246500000096, -33.305354300000246 ], [ -69.4514688000001, -33.304972500000247 ], [ -69.451728100000111, -33.304884800000259 ], [ -69.4520306000001, -33.304982800000246 ], [ -69.452234400000108, -33.30511180000024 ], [ -69.452271400000129, -33.305375000000254 ], [ -69.452431900000107, -33.305581400000257 ], [ -69.452691300000112, -33.305700100000237 ], [ -69.453086400000117, -33.305689700000258 ], [ -69.453475400000116, -33.305669100000252 ], [ -69.453845900000132, -33.305498800000265 ], [ -69.454284200000117, -33.305199500000249 ], [ -69.454735000000113, -33.305060200000248 ], [ -69.454938700000099, -33.304900200000247 ], [ -69.454932500000112, -33.30431710000024 ], [ -69.455105400000093, -33.304141700000258 ], [ -69.455236300000109, -33.304135100000259 ], [ -69.455772200000098, -33.30382690000026 ], [ -69.456071, -33.303529700000254 ], [ -69.4563397000001, -33.303412200000245 ], [ -69.457178500000097, -33.303397800000248 ], [ -69.457365200000112, -33.303295400000259 ], [ -69.457414600000106, -33.303272200000251 ], [ -69.458025900000109, -33.302985800000243 ], [ -69.458495100000093, -33.302650300000259 ], [ -69.458606200000105, -33.302361400000244 ], [ -69.458476600000097, -33.302191100000243 ], [ -69.458087600000098, -33.302072400000249 ], [ -69.458038200000104, -33.301964000000247 ], [ -69.458161700000105, -33.301855600000273 ], [ -69.458384000000123, -33.30177820000025 ], [ -69.458476600000097, -33.301669900000242 ], [ -69.458624800000095, -33.301360200000261 ], [ -69.458717400000111, -33.301009300000246 ], [ -69.458976700000107, -33.300813200000242 ], [ -69.459297800000115, -33.30060680000026 ], [ -69.459421300000116, -33.300467500000266 ], [ -69.459433600000111, -33.300209500000243 ], [ -69.459303900000094, -33.29998240000026 ], [ -69.459390400000103, -33.299796600000242 ], [ -69.459433600000111, -33.299492100000244 ], [ -69.459594100000103, -33.299373400000263 ], [ -69.459859600000115, -33.299244400000255 ], [ -69.460254800000101, -33.299306400000262 ], [ -69.460458500000101, -33.299151500000235 ], [ -69.460643800000113, -33.29907410000024 ], [ -69.46110680000011, -33.298764500000239 ], [ -69.461292100000108, -33.298718100000251 ], [ -69.461489600000093, -33.298630300000255 ], [ -69.46191570000012, -33.298578700000256 ], [ -69.462335500000094, -33.298274200000257 ], [ -69.462718300000105, -33.298207200000263 ], [ -69.463095, -33.29790780000026 ], [ -69.463576600000096, -33.297742700000256 ], [ -69.463934700000095, -33.297742700000256 ], [ -69.464243400000115, -33.297484700000247 ], [ -69.465385600000118, -33.297159500000234 ], [ -69.465780800000104, -33.296880900000239 ], [ -69.466015400000117, -33.296824100000251 ], [ -69.466515500000114, -33.296514400000248 ], [ -69.466744000000105, -33.296380300000266 ], [ -69.467256400000096, -33.296354500000263 ], [ -69.467707200000106, -33.296359600000251 ], [ -69.468034400000093, -33.296117100000245 ], [ -69.468466600000113, -33.295905500000252 ], [ -69.468775300000104, -33.295611300000246 ], [ -69.469158100000115, -33.295472000000267 ], [ -69.469312500000115, -33.295213900000249 ], [ -69.470207800000125, -33.294857800000251 ], [ -69.470460900000106, -33.29473910000025 ], [ -69.470677, -33.294749500000243 ], [ -69.47088690000011, -33.294950700000264 ], [ -69.47105980000012, -33.294961100000251 ], [ -69.471275900000109, -33.294713300000247 ], [ -69.471362400000103, -33.29470300000024 ], [ -69.471646400000111, -33.294795900000246 ], [ -69.471887200000097, -33.294780400000249 ], [ -69.472220600000114, -33.294610100000241 ], [ -69.472424300000114, -33.294465600000244 ], [ -69.472597200000109, -33.294166300000263 ], [ -69.472838, -33.294078500000261 ], [ -69.473041800000104, -33.293903100000243 ], [ -69.473245500000104, -33.293665700000254 ], [ -69.4735048000001, -33.293552100000255 ], [ -69.473739500000107, -33.293165100000273 ], [ -69.474122300000133, -33.293067000000264 ], [ -69.474579200000093, -33.292963800000265 ], [ -69.475307700000116, -33.292783200000251 ], [ -69.475882000000126, -33.292483800000255 ], [ -69.476042500000105, -33.292225800000253 ], [ -69.475999300000112, -33.291797400000256 ], [ -69.476085700000112, -33.291611600000252 ], [ -69.476172100000113, -33.291441300000251 ], [ -69.476314200000104, -33.291286500000247 ], [ -69.476635200000104, -33.290971600000255 ], [ -69.476919200000125, -33.290476200000263 ], [ -69.477265000000102, -33.289867200000252 ], [ -69.477308200000095, -33.289557500000249 ], [ -69.477372800000111, -33.289370100000248 ], [ -69.4774132000001, -33.289253000000265 ], [ -69.477684800000119, -33.288994900000247 ], [ -69.477654000000101, -33.288685300000239 ], [ -69.47797890000011, -33.288456000000245 ], [ -69.478324600000093, -33.288383800000247 ], [ -69.4788803000001, -33.288125700000251 ], [ -69.479386600000112, -33.287816000000241 ], [ -69.479627400000098, -33.287625100000248 ], [ -69.479973200000117, -33.28753730000026 ], [ -69.48076970000011, -33.286938600000262 ], [ -69.480948700000113, -33.286773500000244 ], [ -69.481405600000102, -33.286814700000249 ], [ -69.481757600000108, -33.286654700000248 ], [ -69.482331800000111, -33.286443100000263 ], [ -69.482572600000097, -33.286468900000266 ], [ -69.4830295000001, -33.286396700000253 ], [ -69.483671600000108, -33.285942500000253 ], [ -69.483900000000105, -33.285798000000256 ], [ -69.484245800000124, -33.285467600000239 ], [ -69.484443400000103, -33.285152800000262 ], [ -69.484820000000113, -33.284920500000254 ], [ -69.484887900000118, -33.284750200000261 ], [ -69.484869400000093, -33.284285700000247 ], [ -69.484999100000095, -33.284192800000262 ], [ -69.485196600000123, -33.283991500000241 ], [ -69.485239900000096, -33.28354240000025 ], [ -69.485474500000109, -33.282840400000246 ], [ -69.485709100000093, -33.282644300000229 ], [ -69.485863500000093, -33.282231400000256 ], [ -69.486005500000118, -33.281839100000255 ], [ -69.486141300000114, -33.281772000000252 ], [ -69.48630180000012, -33.28169460000025 ], [ -69.486369800000105, -33.281240400000257 ], [ -69.486598200000103, -33.281162900000254 ], [ -69.486715500000116, -33.281023600000246 ], [ -69.486950100000101, -33.280930700000255 ], [ -69.487061300000093, -33.280925500000265 ], [ -69.48722800000013, -33.280739700000247 ], [ -69.487357600000109, -33.28054870000026 ], [ -69.487561400000104, -33.280471300000258 ], [ -69.487882500000097, -33.280471300000258 ], [ -69.488413500000107, -33.280285400000245 ], [ -69.488604900000098, -33.280357700000245 ], [ -69.488901200000114, -33.280342200000263 ], [ -69.489345800000095, -33.280378400000252 ], [ -69.489666800000123, -33.280388700000259 ], [ -69.489987900000116, -33.280115100000273 ], [ -69.490284300000098, -33.280089300000256 ], [ -69.490475700000104, -33.279929300000234 ], [ -69.490691800000093, -33.27975380000025 ], [ -69.490864600000094, -33.27975380000025 ], [ -69.491093100000114, -33.279578300000246 ], [ -69.491531500000107, -33.279573100000242 ], [ -69.492093300000107, -33.279253100000254 ], [ -69.49248230000012, -33.279113700000259 ], [ -69.492821900000109, -33.278809200000261 ], [ -69.493217100000095, -33.278587200000231 ], [ -69.493470200000118, -33.27846330000024 ], [ -69.493760400000099, -33.278473700000262 ], [ -69.494106200000118, -33.278112300000245 ], [ -69.49429760000011, -33.278091700000239 ], [ -69.494526000000107, -33.278112300000252 ], [ -69.494655700000095, -33.278086500000263 ], [ -69.495057000000102, -33.277890400000224 ], [ -69.495248400000094, -33.277828400000253 ], [ -69.495575600000109, -33.277890400000246 ], [ -69.495779400000117, -33.277921400000253 ], [ -69.496230100000119, -33.277699400000266 ], [ -69.49657590000011, -33.277663300000249 ], [ -69.496687000000108, -33.277740700000265 ], [ -69.497156300000114, -33.277751000000272 ], [ -69.497483500000115, -33.27759100000025 ], [ -69.497798400000093, -33.27776130000025 ], [ -69.498051500000116, -33.277627100000252 ], [ -69.498310900000106, -33.277647800000246 ], [ -69.498465200000112, -33.277580700000243 ], [ -69.499070300000099, -33.277462000000263 ], [ -69.49914440000012, -33.277544500000246 ], [ -69.499311100000114, -33.277616800000253 ], [ -69.499891500000118, -33.27767360000027 ], [ -69.500354600000094, -33.277451600000241 ], [ -69.500854700000104, -33.277245200000266 ], [ -69.501268400000114, -33.277172900000231 ], [ -69.501787, -33.277286400000243 ], [ -69.502003100000096, -33.277203900000259 ], [ -69.502280900000102, -33.277105800000236 ], [ -69.502663700000099, -33.277126400000235 ], [ -69.503120600000116, -33.276961200000244 ], [ -69.503355300000109, -33.276904500000249 ], [ -69.503676300000123, -33.277028400000248 ], [ -69.503892400000097, -33.277069600000232 ], [ -69.504164100000111, -33.277059300000246 ], [ -69.504367900000133, -33.277219300000262 ], [ -69.504651900000113, -33.27731740000025 ], [ -69.504979100000114, -33.277312300000247 ], [ -69.505559500000118, -33.277085100000249 ], [ -69.505781800000094, -33.276930300000245 ], [ -69.506084300000097, -33.276852800000249 ], [ -69.506263400000108, -33.276677300000252 ], [ -69.506553600000132, -33.276651500000241 ], [ -69.506887000000106, -33.276801200000243 ], [ -69.507282100000111, -33.276739300000244 ], [ -69.507510600000103, -33.276878700000246 ], [ -69.507825500000109, -33.276868300000231 ], [ -69.508233000000118, -33.276718600000258 ], [ -69.508646600000105, -33.276770300000258 ], [ -69.509313500000118, -33.276641200000249 ], [ -69.509665400000117, -33.276347000000257 ], [ -69.509869200000111, -33.27629020000024 ], [ -69.510214900000108, -33.276403800000253 ], [ -69.510449500000107, -33.276568900000242 ], [ -69.511048400000121, -33.276651500000256 ], [ -69.511474500000105, -33.276615400000246 ], [ -69.511789400000097, -33.276341800000253 ], [ -69.512017800000109, -33.276176600000255 ], [ -69.512221600000103, -33.276223100000244 ], [ -69.512474700000098, -33.276331500000239 ], [ -69.5129625000001, -33.276419200000255 ], [ -69.513357000000113, -33.276442300000262 ], [ -69.513527500000095, -33.276547600000256 ], [ -69.513609400000121, -33.276653000000259 ], [ -69.513878100000099, -33.276896800000259 ], [ -69.514015800000095, -33.276965300000249 ], [ -69.514154100000113, -33.277007700000247 ], [ -69.514357400000094, -33.276994000000251 ], [ -69.514480500000104, -33.277013500000244 ], [ -69.514549000000102, -33.27703290000025 ], [ -69.515039300000112, -33.277253700000244 ], [ -69.515147700000099, -33.277314600000246 ], [ -69.515204, -33.277361600000248 ], [ -69.515279100000114, -33.277397500000248 ], [ -69.515395200000114, -33.277410300000241 ], [ -69.515645200000108, -33.277399800000261 ], [ -69.51573110000011, -33.27741590000025 ], [ -69.516099000000111, -33.277575500000239 ], [ -69.516420100000119, -33.277632300000249 ], [ -69.517099300000098, -33.277751000000237 ], [ -69.517451200000096, -33.277591000000257 ], [ -69.517871100000107, -33.277632300000242 ], [ -69.518284700000095, -33.277823300000257 ], [ -69.518507, -33.27784910000026 ], [ -69.51866750000012, -33.277787100000261 ], [ -69.519192400000108, -33.27786460000025 ], [ -69.519797400000101, -33.277652900000263 ], [ -69.520038200000116, -33.277663300000242 ], [ -69.520266700000093, -33.277771700000258 ], [ -69.520402500000117, -33.277782000000244 ], [ -69.520637100000101, -33.277921400000238 ], [ -69.521019900000098, -33.278071000000239 ], [ -69.52143980000011, -33.278303300000253 ], [ -69.521797900000109, -33.278416900000252 ], [ -69.522310400000109, -33.278633700000249 ], [ -69.522631400000122, -33.278835000000257 ], [ -69.522958700000103, -33.278695600000248 ], [ -69.523261200000093, -33.27876270000025 ], [ -69.523582300000115, -33.278711100000251 ], [ -69.523921900000119, -33.278969200000247 ], [ -69.524292300000113, -33.278964000000265 ], [ -69.524613400000135, -33.278943400000252 ], [ -69.525119700000133, -33.279072400000238 ], [ -69.525360500000104, -33.279015700000251 ], [ -69.525558100000111, -33.279000200000247 ], [ -69.526015000000115, -33.279186000000244 ], [ -69.526434800000104, -33.279160200000241 ], [ -69.526823800000102, -33.279278900000257 ], [ -69.527169600000093, -33.279258300000244 ], [ -69.527620300000095, -33.279469900000251 ], [ -69.528194500000112, -33.279598900000266 ], [ -69.528577300000109, -33.27973830000024 ], [ -69.528756400000105, -33.279666000000262 ], [ -69.529133000000115, -33.279722800000258 ], [ -69.529324400000093, -33.279758900000246 ], [ -69.529447900000093, -33.280011900000254 ], [ -69.529688700000108, -33.280063500000246 ], [ -69.529991200000097, -33.279877700000227 ], [ -69.530232, -33.279851900000267 ], [ -69.53067660000012, -33.280053200000239 ], [ -69.53097910000011, -33.280275100000239 ], [ -69.531139600000103, -33.280373200000255 ], [ -69.53159650000012, -33.280140900000255 ], [ -69.531769400000115, -33.280104800000238 ], [ -69.531960800000107, -33.280171900000241 ], [ -69.532510300000112, -33.280460900000243 ], [ -69.532695600000096, -33.280502200000271 ], [ -69.53303510000012, -33.280409300000279 ], [ -69.533177200000097, -33.28050220000025 ], [ -69.533560000000108, -33.280636400000255 ], [ -69.533806900000101, -33.280811900000259 ], [ -69.534646600000102, -33.280868700000248 ], [ -69.534782500000119, -33.280915200000251 ], [ -69.53514680000012, -33.281152600000247 ], [ -69.535478600000104, -33.281141800000249 ], [ -69.535659200000111, -33.280961600000232 ], [ -69.535870800000112, -33.280902000000232 ], [ -69.536070200000111, -33.28090010000026 ], [ -69.536286600000096, -33.280952500000261 ], [ -69.53649380000013, -33.281043800000241 ], [ -69.53668180000011, -33.281005500000248 ], [ -69.536733600000119, -33.280863600000245 ], [ -69.536925000000124, -33.280837700000262 ], [ -69.53728310000011, -33.280951300000247 ], [ -69.537610300000111, -33.28098230000024 ], [ -69.537845700000105, -33.281003000000254 ], [ -69.538036300000101, -33.281126500000255 ], [ -69.538259200000113, -33.281224200000253 ], [ -69.538499400000106, -33.281245500000239 ], [ -69.538919300000103, -33.281353900000255 ], [ -69.53907980000011, -33.281699700000225 ], [ -69.539190900000094, -33.281772000000259 ], [ -69.539437900000109, -33.28170490000025 ], [ -69.539697200000106, -33.281632600000258 ], [ -69.539925700000097, -33.281725500000235 ], [ -69.540734500000099, -33.281844300000259 ], [ -69.540993800000109, -33.281828800000255 ], [ -69.54129020000012, -33.28160680000024 ], [ -69.541382800000093, -33.281591300000265 ], [ -69.541629800000095, -33.281689400000253 ], [ -69.541907600000116, -33.281658400000239 ], [ -69.542327500000113, -33.28171010000024 ], [ -69.542833800000111, -33.281544900000263 ], [ -69.543137800000096, -33.281440500000237 ], [ -69.543344900000108, -33.281466500000271 ], [ -69.543701100000121, -33.281400100000248 ], [ -69.543957500000118, -33.281204200000253 ], [ -69.544581400000112, -33.28105040000024 ], [ -69.544689500000104, -33.280975200000235 ], [ -69.544909400000108, -33.280953900000235 ], [ -69.545149600000116, -33.281032500000236 ], [ -69.545524500000099, -33.280948200000246 ], [ -69.545795900000115, -33.280902300000243 ], [ -69.545946100000108, -33.280631000000255 ], [ -69.546132600000121, -33.280515900000253 ], [ -69.5463278000001, -33.280495600000251 ], [ -69.546858100000094, -33.280213900000255 ], [ -69.546869200000103, -33.279984600000255 ], [ -69.547204100000116, -33.279848400000247 ], [ -69.547794700000111, -33.279429900000252 ], [ -69.547864600000096, -33.279050300000243 ], [ -69.548475800000105, -33.278480900000247 ], [ -69.548545700000105, -33.277955300000258 ], [ -69.5487028000001, -33.277707100000264 ], [ -69.549191800000116, -33.277473500000241 ], [ -69.549401400000093, -33.276904100000252 ], [ -69.5499602000001, -33.276553700000264 ], [ -69.550292, -33.275721500000245 ], [ -69.55062380000011, -33.275341900000249 ], [ -69.551147700000101, -33.274568100000245 ], [ -69.551304900000119, -33.274232200000256 ], [ -69.551741500000119, -33.274013200000248 ], [ -69.552247900000111, -33.274115400000262 ], [ -69.552614700000106, -33.273619000000245 ], [ -69.553068700000111, -33.273341600000258 ], [ -69.553760400000101, -33.272764200000253 ], [ -69.554168900000107, -33.272451000000238 ], [ -69.554867500000114, -33.272042100000249 ], [ -69.555566, -33.271852300000241 ], [ -69.555880400000106, -33.271414300000245 ], [ -69.556526500000118, -33.271282900000244 ], [ -69.558430000000115, -33.270246200000265 ], [ -69.55895390000012, -33.270202400000244 ], [ -69.559215900000126, -33.269822800000242 ], [ -69.55982710000012, -33.269560000000254 ], [ -69.5601415000001, -33.268917500000256 ], [ -69.560735200000096, -33.268289600000237 ], [ -69.561486200000104, -33.267545000000254 ], [ -69.562394300000108, -33.266698100000255 ], [ -69.562988000000104, -33.266084800000264 ], [ -69.563616700000111, -33.265223300000244 ], [ -69.564088200000114, -33.264376400000273 ], [ -69.564875800000095, -33.263385800000265 ], [ -69.565011700000099, -33.263107000000268 ], [ -69.565394500000096, -33.262611400000239 ], [ -69.565666100000129, -33.262188100000252 ], [ -69.565789600000116, -33.261929900000247 ], [ -69.566073600000109, -33.261702800000251 ], [ -69.566444100000112, -33.261640800000229 ], [ -69.566604600000105, -33.26142400000024 ], [ -69.566901000000115, -33.261382700000247 ], [ -69.567185000000109, -33.261558200000252 ], [ -69.567481400000119, -33.261516900000252 ], [ -69.567740700000115, -33.261444600000253 ], [ -69.567765400000113, -33.261103900000258 ], [ -69.568000000000112, -33.261021300000259 ], [ -69.568135900000115, -33.260825100000254 ], [ -69.56814820000011, -33.260401700000244 ], [ -69.568358100000111, -33.260040300000249 ], [ -69.568666800000116, -33.260009300000242 ], [ -69.569074300000096, -33.259833800000258 ], [ -69.569407800000107, -33.259792500000266 ], [ -69.570012800000114, -33.259751200000231 ], [ -69.570148700000118, -33.25932780000025 ], [ -69.570371000000108, -33.258636000000259 ], [ -69.570655000000116, -33.258233300000242 ], [ -69.570753800000119, -33.257634400000249 ], [ -69.570781500000095, -33.257530600000244 ], [ -69.57092630000011, -33.256987100000252 ], [ -69.570990800000104, -33.25613300000024 ], [ -69.571124200000099, -33.255651800000265 ], [ -69.571124200000099, -33.255342000000255 ], [ -69.571124200000114, -33.254980500000251 ], [ -69.571507000000111, -33.254805000000253 ], [ -69.571877500000113, -33.254598500000256 ], [ -69.571922000000114, -33.254550700000244 ], [ -69.572223200000096, -33.254226700000252 ], [ -69.572494900000095, -33.253875600000256 ], [ -69.572877700000106, -33.253638100000252 ], [ -69.57323580000012, -33.253617400000245 ], [ -69.573384000000118, -33.253390300000248 ], [ -69.573643300000114, -33.253307600000255 ], [ -69.573964400000094, -33.253297300000249 ], [ -69.574124900000101, -33.253059800000258 ], [ -69.574705300000119, -33.252915200000253 ], [ -69.574865800000111, -33.252564100000242 ], [ -69.575261, -33.252295600000259 ], [ -69.575372100000109, -33.252089100000241 ], [ -69.575569700000102, -33.251717300000244 ], [ -69.575742600000126, -33.251293900000249 ], [ -69.575940200000119, -33.25084990000024 ], [ -69.575866100000098, -33.250271600000239 ], [ -69.576187100000098, -33.249879200000251 ], [ -69.576409400000117, -33.249063300000245 ], [ -69.5764712000001, -33.24861930000025 ], [ -69.576446500000102, -33.248237200000254 ], [ -69.576718100000107, -33.247679500000231 ], [ -69.576816900000111, -33.247349000000241 ], [ -69.576681100000101, -33.247008200000266 ], [ -69.576816900000111, -33.246760400000255 ], [ -69.577150300000127, -33.246564100000256 ], [ -69.577150300000113, -33.246347300000238 ], [ -69.577385000000135, -33.246027100000248 ], [ -69.577582500000105, -33.245985800000241 ], [ -69.577792500000101, -33.245500400000253 ], [ -69.577878900000115, -33.245138900000249 ], [ -69.578088800000103, -33.245066700000272 ], [ -69.578175300000098, -33.244519300000242 ], [ -69.578014700000111, -33.244013200000254 ], [ -69.578286400000096, -33.243796400000257 ], [ -69.578360500000102, -33.243424600000246 ], [ -69.578768, -33.243176700000255 ], [ -69.578817400000119, -33.242939100000243 ], [ -69.578521000000109, -33.242722300000239 ], [ -69.578471600000128, -33.242495100000241 ], [ -69.578372800000096, -33.241875400000247 ], [ -69.57806410000012, -33.241235000000273 ], [ -69.57799, -33.240512100000259 ], [ -69.578138200000112, -33.24006800000025 ], [ -69.577780100000112, -33.239551600000247 ], [ -69.577198500000122, -33.238836500000254 ], [ -69.577023900000114, -33.238310600000254 ], [ -69.576377700000108, -33.237288200000243 ], [ -69.57592360000011, -33.236411800000255 ], [ -69.575783900000104, -33.235827500000255 ], [ -69.575347400000112, -33.235097100000253 ], [ -69.575399700000105, -33.23470280000025 ], [ -69.575644200000113, -33.234323000000259 ], [ -69.575906200000105, -33.233811700000238 ], [ -69.576065300000096, -33.233101200000256 ], [ -69.576238200000105, -33.232584800000261 ], [ -69.576250600000108, -33.231923700000252 ], [ -69.575917100000098, -33.231396900000256 ], [ -69.575855400000094, -33.23081850000024 ], [ -69.575534300000101, -33.230260700000258 ], [ -69.57526270000011, -33.229599600000256 ], [ -69.574756400000112, -33.229145100000252 ], [ -69.5747317000001, -33.228793900000262 ], [ -69.574892200000107, -33.228050200000247 ], [ -69.574756400000112, -33.227358100000252 ], [ -69.574484700000099, -33.22674870000025 ], [ -69.574423, -33.22634580000026 ], [ -69.574237700000111, -33.225250900000248 ], [ -69.574101900000102, -33.224393500000239 ], [ -69.573743800000102, -33.223980300000257 ], [ -69.573015200000128, -33.223205500000262 ], [ -69.572941100000108, -33.222699300000265 ], [ -69.57224960000012, -33.221532000000259 ], [ -69.572027300000101, -33.221098100000262 ], [ -69.57195320000011, -33.220819200000264 ], [ -69.571718600000111, -33.220519600000245 ], [ -69.571681600000105, -33.220199400000254 ], [ -69.571879100000118, -33.218339900000245 ], [ -69.571780400000094, -33.216532000000257 ], [ -69.571632200000096, -33.215912100000253 ], [ -69.571335800000114, -33.215127000000265 ], [ -69.571311100000116, -33.214579400000233 ], [ -69.571484, -33.214393500000249 ], [ -69.571595100000096, -33.21409390000025 ], [ -69.571545700000115, -33.213649600000245 ], [ -69.571385200000108, -33.212957400000263 ], [ -69.571545700000115, -33.212409900000253 ], [ -69.571842100000111, -33.211831300000256 ], [ -69.571879100000118, -33.211418000000258 ], [ -69.571582800000115, -33.210818800000254 ], [ -69.571446900000112, -33.210219600000244 ], [ -69.571484, -33.209517000000261 ], [ -69.571829800000103, -33.208649100000258 ], [ -69.572187900000117, -33.208576800000266 ], [ -69.572422500000116, -33.208256500000253 ], [ -69.572336000000121, -33.207770900000249 ], [ -69.572397800000118, -33.207275000000251 ], [ -69.572879400000133, -33.206768700000239 ], [ -69.572928800000128, -33.206334800000256 ], [ -69.5733733000001, -33.205590900000253 ], [ -69.5730523000001, -33.204929600000256 ], [ -69.573077, -33.204268300000244 ], [ -69.573249800000099, -33.203483100000248 ], [ -69.572854700000093, -33.202904400000243 ], [ -69.571866800000109, -33.201602500000263 ], [ -69.571471600000109, -33.20071390000026 ], [ -69.572015, -33.199742600000256 ], [ -69.572854700000107, -33.199060700000253 ], [ -69.573348600000116, -33.198296000000248 ], [ -69.573669700000096, -33.196477400000262 ], [ -69.573793200000125, -33.195361400000252 ], [ -69.574410600000093, -33.194266000000262 ], [ -69.575991200000118, -33.191806600000255 ], [ -69.577868200000097, -33.189595100000254 ], [ -69.578535000000116, -33.188251700000251 ], [ -69.57969580000011, -33.185254700000264 ], [ -69.580156400000121, -33.184592700000266 ], [ -69.58055800000011, -33.184168800000279 ], [ -69.580959700000093, -33.18295570000025 ], [ -69.581169300000113, -33.182341900000253 ], [ -69.581431200000111, -33.18143570000025 ], [ -69.581798000000106, -33.180690300000251 ], [ -69.58232190000011, -33.180178700000241 ], [ -69.582985500000106, -33.179564800000257 ], [ -69.583247400000118, -33.179199400000257 ], [ -69.583439500000097, -33.178278600000262 ], [ -69.583352200000107, -33.177153100000254 ], [ -69.583177600000113, -33.17617380000025 ], [ -69.583474500000108, -33.175019000000248 ], [ -69.583736400000106, -33.174390500000257 ], [ -69.583998400000098, -33.173659600000249 ], [ -69.584155500000108, -33.172987200000257 ], [ -69.584469900000101, -33.172592600000257 ], [ -69.584827100000112, -33.172106600000248 ], [ -69.585222200000103, -33.171527700000247 ], [ -69.585345700000119, -33.170390800000256 ], [ -69.584580100000096, -33.169708500000247 ], [ -69.584481300000107, -33.169005700000262 ], [ -69.585222200000118, -33.168075400000255 ], [ -69.585395100000113, -33.166835000000248 ], [ -69.58613600000011, -33.166607600000255 ], [ -69.587247400000109, -33.16617340000024 ], [ -69.587247400000109, -33.165408500000254 ], [ -69.586901600000118, -33.164188700000238 ], [ -69.58653120000011, -33.162865600000259 ], [ -69.58630890000012, -33.161211600000257 ], [ -69.586259500000111, -33.159764300000262 ], [ -69.586996200000115, -33.158217300000238 ], [ -69.588255000000103, -33.157406900000247 ], [ -69.591258700000111, -33.154132000000232 ], [ -69.593144800000104, -33.153313200000262 ], [ -69.594961000000112, -33.151558700000251 ], [ -69.595482100000126, -33.150882900000255 ], [ -69.596000800000098, -33.149290700000257 ], [ -69.596494700000093, -33.148215400000247 ], [ -69.596717000000126, -33.147347000000259 ], [ -69.597161600000106, -33.146726600000264 ], [ -69.597729600000093, -33.146168300000262 ], [ -69.598643400000114, -33.145878800000247 ], [ -69.599384300000096, -33.145610000000261 ], [ -69.600347500000098, -33.145610000000246 ], [ -69.601014300000102, -33.145775400000247 ], [ -69.602175100000096, -33.145527300000246 ], [ -69.606628700000101, -33.147948200000251 ], [ -69.58616670000012, -33.122654600000253 ], [ -69.566172900000097, -33.143800800000243 ], [ -69.566078800000128, -33.144539600000279 ], [ -69.566938200000109, -33.144427400000232 ], [ -69.56858360000011, -33.144635400000247 ], [ -69.569272800000093, -33.146209300000251 ], [ -69.567987900000119, -33.146989500000252 ], [ -69.566139000000121, -33.147841800000258 ], [ -69.564794900000109, -33.148902900000252 ], [ -69.565059600000097, -33.150021900000262 ], [ -69.566115500000095, -33.150172100000248 ], [ -69.567559100000111, -33.150704900000243 ], [ -69.568071400000107, -33.15096490000024 ], [ -69.568459400000108, -33.151562700000248 ], [ -69.568583600000096, -33.152316500000254 ], [ -69.56847500000012, -33.153902000000244 ], [ -69.568459400000108, -33.154473800000261 ], [ -69.568552600000118, -33.155058600000245 ], [ -69.568521500000102, -33.155734400000256 ], [ -69.568133400000107, -33.156293200000242 ], [ -69.566767400000117, -33.157202900000257 ], [ -69.566177600000117, -33.157345800000265 ], [ -69.564532100000108, -33.157878600000259 ], [ -69.562660300000104, -33.158255500000259 ], [ -69.561108000000118, -33.15913920000024 ], [ -69.559198600000116, -33.160321700000246 ], [ -69.557972300000117, -33.160685600000257 ], [ -69.557103, -33.161140400000264 ], [ -69.554716900000102, -33.166808600000252 ], [ -69.552761000000103, -33.169641200000257 ], [ -69.553102500000108, -33.171044500000242 ], [ -69.554530600000106, -33.173617200000258 ], [ -69.55425120000011, -33.174838500000263 ], [ -69.555213600000116, -33.176449600000247 ], [ -69.555524100000099, -33.177982700000243 ], [ -69.556114000000107, -33.179437900000259 ], [ -69.556362300000117, -33.181230700000242 ], [ -69.555399900000097, -33.183153500000259 ], [ -69.555865600000118, -33.185518000000265 ], [ -69.556176100000101, -33.187024900000232 ], [ -69.556765900000102, -33.188583800000266 ], [ -69.556486500000133, -33.189779000000243 ], [ -69.555958700000119, -33.190792200000239 ], [ -69.5556172000001, -33.192481000000257 ], [ -69.554810000000103, -33.194507400000234 ], [ -69.55400280000012, -33.195780400000267 ], [ -69.553381900000119, -33.19692350000026 ], [ -69.552854100000118, -33.198248400000239 ], [ -69.549594300000109, -33.200404600000233 ], [ -69.546551800000117, -33.201443800000263 ], [ -69.542981500000096, -33.202301000000254 ], [ -69.540125300000099, -33.202353000000251 ], [ -69.538759300000095, -33.203106300000258 ], [ -69.537424300000097, -33.203859700000258 ], [ -69.536182500000109, -33.20466490000026 ], [ -69.533729800000117, -33.205392300000256 ], [ -69.532022300000108, -33.205314400000255 ], [ -69.530004300000101, -33.205548100000257 ], [ -69.528203600000097, -33.205911800000258 ], [ -69.5273964000001, -33.206379400000259 ], [ -69.526318400000108, -33.207163800000245 ], [ -69.525576600000122, -33.208245700000255 ], [ -69.52428140000012, -33.208558000000238 ], [ -69.523513000000108, -33.209109000000254 ], [ -69.522217800000107, -33.210211100000258 ], [ -69.521295800000118, -33.210302900000258 ], [ -69.521010400000108, -33.210798800000255 ], [ -69.520285900000118, -33.211129400000253 ], [ -69.519824900000103, -33.211423300000241 ], [ -69.519451700000104, -33.212635500000253 ], [ -69.519561500000108, -33.213792600000239 ], [ -69.519517600000114, -33.215610800000242 ], [ -69.519100500000107, -33.216841400000263 ], [ -69.51932, -33.217355600000246 ], [ -69.518529700000116, -33.218182100000263 ], [ -69.517893100000109, -33.218622800000247 ], [ -69.51741010000012, -33.219522700000255 ], [ -69.516422200000108, -33.219816600000243 ], [ -69.515434400000103, -33.220441000000257 ], [ -69.514995300000109, -33.22067970000024 ], [ -69.514380600000109, -33.221689800000263 ], [ -69.513590300000104, -33.222057100000235 ], [ -69.512931700000095, -33.223067100000243 ], [ -69.511768200000105, -33.223838500000248 ], [ -69.511197500000094, -33.224664800000255 ], [ -69.510670600000111, -33.226280900000248 ], [ -69.509463200000113, -33.227290900000256 ], [ -69.50814600000011, -33.229163900000259 ], [ -69.507443500000107, -33.230210600000248 ], [ -69.505336100000093, -33.232102000000246 ], [ -69.504809200000096, -33.232671300000234 ], [ -69.504150600000116, -33.233093600000238 ], [ -69.503074900000101, -33.233460800000252 ], [ -69.501582100000107, -33.233956600000241 ], [ -69.500550400000094, -33.234691100000234 ], [ -69.499233200000106, -33.235205200000266 ], [ -69.49855260000011, -33.235774500000254 ], [ -69.49688420000011, -33.236674200000245 ], [ -69.495259700000105, -33.236031500000252 ], [ -69.493327900000097, -33.235976400000261 ], [ -69.492362000000114, -33.236160100000255 ], [ -69.491593600000101, -33.236747600000257 ], [ -69.490869200000134, -33.236729300000256 ], [ -69.48957390000011, -33.23683940000025 ], [ -69.489134900000096, -33.237261800000269 ], [ -69.488586100000106, -33.237463700000255 ], [ -69.486873700000118, -33.237518800000245 ], [ -69.485732200000101, -33.237169900000254 ], [ -69.484437000000113, -33.236710900000247 ], [ -69.482812500000108, -33.236527300000262 ], [ -69.480814800000132, -33.236325300000253 ], [ -69.479453700000107, -33.236013200000258 ], [ -69.478729200000103, -33.235976400000247 ], [ -69.477851100000095, -33.235701000000255 ], [ -69.477499900000097, -33.235701000000262 ], [ -69.477082800000119, -33.235847900000259 ], [ -69.47565590000012, -33.235921400000258 ], [ -69.473548400000112, -33.236343700000248 ], [ -69.473043500000102, -33.236380400000257 ], [ -69.472626400000095, -33.236729300000256 ], [ -69.471375100000103, -33.237408600000251 ], [ -69.46961880000012, -33.237904400000247 ], [ -69.468960200000097, -33.237794200000252 ], [ -69.467994300000115, -33.237518800000238 ], [ -69.467160100000115, -33.237335200000246 ], [ -69.466216100000096, -33.237665700000257 ], [ -69.465755100000095, -33.237867700000265 ], [ -69.464152600000105, -33.238436900000259 ], [ -69.462242700000118, -33.238675600000256 ], [ -69.461145000000116, -33.238987700000258 ], [ -69.459805900000106, -33.239777200000262 ], [ -69.459257100000116, -33.240640200000243 ], [ -69.458093600000097, -33.241135900000252 ], [ -69.457435000000103, -33.240952300000238 ], [ -69.456469100000106, -33.24100740000025 ], [ -69.455942200000095, -33.241576600000244 ], [ -69.454822600000099, -33.242219200000278 ], [ -69.453746900000098, -33.242843500000248 ], [ -69.45177120000011, -33.243449400000252 ], [ -69.449751500000104, -33.243541200000266 ], [ -69.449051100000105, -33.243106900000242 ], [ -69.448898400000104, -33.243151700000247 ], [ -69.448581900000107, -33.243147300000224 ], [ -69.448383500000105, -33.243281900000255 ], [ -69.448174200000096, -33.243313300000239 ], [ -69.447935500000099, -33.243279600000271 ], [ -69.447562800000114, -33.243253600000251 ], [ -69.4475300000001, -33.243247900000263 ], [ -69.447454800000131, -33.243234700000251 ], [ -69.446261000000106, -33.243265800000259 ], [ -69.444043800000117, -33.24416540000027 ], [ -69.442594900000117, -33.244404100000246 ], [ -69.441650900000113, -33.244954900000252 ], [ -69.440816700000113, -33.244918200000249 ], [ -69.439916700000111, -33.245193600000249 ], [ -69.43895070000012, -33.245432200000245 ], [ -69.438138500000107, -33.245524000000266 ], [ -69.437084700000099, -33.245964700000258 ], [ -69.436360300000118, -33.246148300000236 ], [ -69.43590020000012, -33.246241900000236 ], [ -69.435130900000118, -33.246570500000246 ], [ -69.43392350000012, -33.246809200000257 ], [ -69.43210150000013, -33.247194800000251 ], [ -69.430213500000107, -33.247543600000249 ], [ -69.429072000000104, -33.247103000000251 ], [ -69.426964500000111, -33.24822290000025 ], [ -69.425471700000131, -33.248938900000262 ], [ -69.424242300000117, -33.24934280000025 ], [ -69.423144700000108, -33.249710000000242 ], [ -69.422595900000118, -33.250297500000258 ], [ -69.42138850000012, -33.251086900000239 ], [ -69.419829800000102, -33.251637600000258 ], [ -69.417327200000102, -33.253032900000264 ], [ -69.415395400000094, -33.252977800000245 ], [ -69.414253800000097, -33.252812600000247 ], [ -69.41262930000012, -33.253143000000264 ], [ -69.411575600000106, -33.253675400000247 ], [ -69.408919300000107, -33.254721800000247 ], [ -69.407075200000108, -33.25574980000026 ], [ -69.405692200000104, -33.25674120000027 ], [ -69.401740700000119, -33.257567200000253 ], [ -69.39980890000011, -33.258062900000233 ], [ -69.398447800000113, -33.258246400000239 ], [ -69.397350100000111, -33.258228100000252 ], [ -69.394715800000114, -33.258962400000243 ], [ -69.39405720000012, -33.259090900000245 ], [ -69.392740100000097, -33.259494700000246 ], [ -69.390215500000096, -33.259513100000255 ], [ -69.388986100000096, -33.260284100000241 ], [ -69.387712900000096, -33.260632800000266 ], [ -69.386242, -33.261440500000241 ], [ -69.384288200000114, -33.262523500000242 ], [ -69.38196120000012, -33.262652000000244 ], [ -69.380622100000096, -33.263624900000259 ], [ -69.378843900000106, -33.264524400000262 ], [ -69.376841000000113, -33.265505300000257 ], [ -69.373332800000099, -33.265920600000243 ], [ -69.372246200000106, -33.267322300000245 ], [ -69.37044560000011, -33.268620200000271 ], [ -69.368986400000111, -33.26934710000026 ], [ -69.368179200000114, -33.269736400000255 ], [ -69.367620400000106, -33.270800700000251 ], [ -69.364671000000115, -33.271787000000266 ], [ -69.360231400000117, -33.272176400000262 ], [ -69.357965100000115, -33.272176400000269 ], [ -69.356568000000109, -33.272306200000251 ], [ -69.355543500000095, -33.272825300000257 ], [ -69.353991200000095, -33.273785700000232 ], [ -69.3527804000001, -33.274538400000239 ], [ -69.351973200000117, -33.275472800000252 ], [ -69.351135000000113, -33.276095800000242 ], [ -69.349800000000116, -33.277263800000249 ], [ -69.348092500000121, -33.278769100000247 ], [ -69.345857200000111, -33.279885200000244 ], [ -69.344615300000115, -33.280534100000246 ], [ -69.34222480000011, -33.281883700000257 ], [ -69.34116920000011, -33.282688200000251 ], [ -69.339275400000133, -33.283726400000262 ], [ -69.336450200000115, -33.28471260000024 ], [ -69.333656100000113, -33.284089700000251 ], [ -69.331234500000107, -33.284738500000252 ], [ -69.328378300000097, -33.285179700000256 ], [ -69.326546600000114, -33.285750700000257 ], [ -69.324187100000117, -33.285724700000245 ], [ -69.321144600000096, -33.28735980000026 ], [ -69.316736000000105, -33.28821620000025 ], [ -69.315494200000117, -33.288994700000238 ], [ -69.31294840000011, -33.289903000000244 ], [ -69.310154300000093, -33.291641800000242 ], [ -69.308260500000117, -33.292160800000254 ], [ -69.307329100000132, -33.293224800000253 ], [ -69.301119900000117, -33.294859600000258 ], [ -69.299816000000121, -33.296442600000233 ], [ -69.298046300000109, -33.29745460000025 ], [ -69.296276700000121, -33.297843800000244 ], [ -69.294724400000106, -33.298726100000245 ], [ -69.294569200000097, -33.299504500000253 ], [ -69.293047900000118, -33.300308900000275 ], [ -69.292613300000099, -33.30134690000024 ], [ -69.288494100000108, -33.301905600000254 ], [ -69.280854600000097, -33.303410100000264 ], [ -69.27462, -33.303740400000258 ], [ -69.271327, -33.303777100000225 ], [ -69.266936500000114, -33.304657700000256 ], [ -69.263907000000117, -33.305208200000244 ], [ -69.2617556000001, -33.304914600000252 ], [ -69.259472500000115, -33.305391600000249 ], [ -69.257804100000129, -33.30594200000025 ], [ -69.251964700000116, -33.305978700000253 ], [ -69.250867000000113, -33.306712600000246 ], [ -69.248057100000111, -33.306786000000258 ], [ -69.247480600000102, -33.306308400000262 ], [ -69.246595500000112, -33.306958400000255 ], [ -69.246541900000111, -33.307496400000247 ], [ -69.246230700000098, -33.307725100000241 ], [ -69.246230700000098, -33.308267500000241 ], [ -69.245825200000098, -33.308569700000241 ], [ -69.243754300000106, -33.309244500000261 ], [ -69.242113200000119, -33.308365200000239 ], [ -69.241467100000094, -33.308509600000242 ], [ -69.240549200000117, -33.309244500000247 ], [ -69.239275900000095, -33.310381900000245 ], [ -69.237256600000109, -33.310515700000252 ], [ -69.236113400000093, -33.31070640000025 ], [ -69.235485800000106, -33.311387800000254 ], [ -69.23482060000012, -33.311136700000255 ], [ -69.234406500000119, -33.311442100000271 ], [ -69.232428100000121, -33.311943700000263 ], [ -69.231469500000102, -33.312203200000241 ], [ -69.230266200000102, -33.312589200000254 ], [ -69.228733300000101, -33.31289840000025 ], [ -69.227922000000106, -33.312652000000249 ], [ -69.22612930000011, -33.313375000000264 ], [ -69.2225040000001, -33.315775500000264 ], [ -69.220352600000098, -33.315848900000262 ], [ -69.217981700000109, -33.317243100000248 ], [ -69.217147500000095, -33.317316500000253 ], [ -69.21530340000011, -33.31775680000024 ], [ -69.213371600000102, -33.317903500000263 ], [ -69.212493500000093, -33.318288700000274 ], [ -69.2122959000001, -33.318839100000247 ], [ -69.211549500000118, -33.319077600000256 ], [ -69.211110500000117, -33.318380500000252 ], [ -69.210495800000103, -33.318307100000254 ], [ -69.201496800000101, -33.315703500000247 ] ] ] ] } },
{ "type": "Feature", "properties": { "fid": 248, "osm_id": "3000596", "osm_way_id": null, "name": "Distrito Cordón del Plata", "type": "boundary", "aeroway": null, "amenity": null, "admin_level": "6", "barrier": null, "boundary": "administrative", "building": null, "craft": null, "geological": null, "historic": null, "land_area": null, "landuse": null, "leisure": null, "man_made": null, "military": null, "natural": null, "office": null, "place": null, "shop": null, "sport": null, "tourism": null, "other_tags": "\"wikidata\"=>\"Q5788474\",\"wikipedia\"=>\"es:Cordón del Plata (Tupungato)\"" }, "geometry": { "type": "MultiPolygon", "coordinates": [ [ [ [ -69.196335800000099, -33.437790200000244 ], [ -69.197941800000095, -33.439678700000265 ], [ -69.199956200000116, -33.442027800000268 ], [ -69.205997700000125, -33.449189700000247 ], [ -69.208632200000096, -33.452293200000248 ], [ -69.211554800000101, -33.455684300000243 ], [ -69.212691700000093, -33.457014700000265 ], [ -69.213940500000106, -33.458426300000241 ], [ -69.215904500000093, -33.460852900000241 ], [ -69.216663700000112, -33.461880100000251 ], [ -69.22059590000012, -33.467942700000251 ], [ -69.220858200000094, -33.468319500000241 ], [ -69.223199800000103, -33.471956200000243 ], [ -69.223850300000109, -33.472966500000254 ], [ -69.223920800000116, -33.473083300000241 ], [ -69.221581500000113, -33.473884000000282 ], [ -69.220238700000095, -33.474191000000253 ], [ -69.219528700000097, -33.473942900000232 ], [ -69.219046400000096, -33.474154300000258 ], [ -69.218065400000114, -33.474076900000256 ], [ -69.215022700000119, -33.474521100000246 ], [ -69.213609900000094, -33.474589600000257 ], [ -69.212095300000101, -33.475231100000251 ], [ -69.210612500000096, -33.475474900000243 ], [ -69.209190700000093, -33.476117700000259 ], [ -69.208635700000102, -33.476308500000236 ], [ -69.206383800000097, -33.477456200000262 ], [ -69.204313500000112, -33.477408000000253 ], [ -69.203220600000108, -33.477726600000253 ], [ -69.201883700000096, -33.478746500000241 ], [ -69.201052600000097, -33.479270700000228 ], [ -69.194594500000093, -33.481350000000255 ], [ -69.191383900000105, -33.482771400000239 ], [ -69.189661100000095, -33.482845000000268 ], [ -69.187415500000114, -33.483313200000239 ], [ -69.186343800000117, -33.484228400000255 ], [ -69.184940300000108, -33.484271000000263 ], [ -69.183843100000104, -33.484696600000248 ], [ -69.18258440000011, -33.485176300000262 ], [ -69.182229000000106, -33.485311700000253 ], [ -69.180883000000108, -33.48582460000025 ], [ -69.178025000000119, -33.485994900000271 ], [ -69.176417400000119, -33.486420500000264 ], [ -69.175498800000099, -33.486633300000257 ], [ -69.174273900000102, -33.487229200000264 ], [ -69.172742800000094, -33.487314300000257 ], [ -69.17088000000011, -33.487612300000265 ], [ -69.170063500000097, -33.488208200000258 ], [ -69.168557900000096, -33.488740200000258 ], [ -69.167945500000116, -33.489293600000273 ], [ -69.165470300000109, -33.491102500000245 ], [ -69.164219900000106, -33.492336800000231 ], [ -69.163199200000108, -33.493188000000252 ], [ -69.162102000000104, -33.493422100000238 ], [ -69.161336400000096, -33.493400800000259 ], [ -69.159958500000101, -33.493188000000252 ], [ -69.158070200000111, -33.493400800000245 ], [ -69.155620500000111, -33.493762600000252 ], [ -69.154637100000102, -33.493980700000265 ], [ -69.153211700000099, -33.494146200000252 ], [ -69.152435800000106, -33.494447200000252 ], [ -69.151858400000108, -33.494808300000251 ], [ -69.151172700000103, -33.495259700000254 ], [ -69.150775700000111, -33.495545600000256 ], [ -69.150703600000114, -33.496237800000259 ], [ -69.150451000000118, -33.496689200000255 ], [ -69.149783300000095, -33.497230900000254 ], [ -69.148664600000117, -33.497998300000262 ], [ -69.148051100000117, -33.498524900000248 ], [ -69.146914400000099, -33.499006400000255 ], [ -69.146048300000103, -33.499457800000265 ], [ -69.14552500000012, -33.500450900000246 ], [ -69.144893500000109, -33.500721700000234 ], [ -69.144243900000106, -33.500857100000246 ], [ -69.143269500000102, -33.501790000000234 ], [ -69.142403400000106, -33.501910400000249 ], [ -69.140599100000117, -33.50269280000024 ], [ -69.139498400000093, -33.503234400000245 ], [ -69.138758600000102, -33.503324700000249 ], [ -69.137657900000093, -33.503234400000245 ], [ -69.136936200000108, -33.50330960000025 ], [ -69.136665500000106, -33.50346010000024 ], [ -69.135420500000109, -33.50336980000025 ], [ -69.134049200000121, -33.503264500000249 ], [ -69.131883900000119, -33.503189300000258 ], [ -69.130566700000116, -33.503354800000245 ], [ -69.129682600000109, -33.503384900000263 ], [ -69.12923400000011, -33.503774600000241 ], [ -69.129128700000081, -33.50381060000025 ], [ -69.128384600000118, -33.50388200000026 ], [ -69.127411500000107, -33.504000900000264 ], [ -69.127296200000103, -33.504119400000263 ], [ -69.127255800000128, -33.504368300000266 ], [ -69.127113800000117, -33.504611500000259 ], [ -69.126676600000096, -33.505182800000263 ], [ -69.125957800000108, -33.506013800000247 ], [ -69.125778500000095, -33.506083300000242 ], [ -69.125134400000121, -33.506020500000261 ], [ -69.124866100000105, -33.505993600000238 ], [ -69.124560400000092, -33.506049500000259 ], [ -69.124455800000106, -33.506141200000243 ], [ -69.124356500000104, -33.506519200000234 ], [ -69.123875900000101, -33.506764000000246 ], [ -69.123345300000111, -33.507047000000235 ], [ -69.122852800000103, -33.507274300000248 ], [ -69.122234600000112, -33.507533500000264 ], [ -69.121939800000106, -33.507565900000259 ], [ -69.121738700000108, -33.507548000000263 ], [ -69.121615300000101, -33.507510000000259 ], [ -69.121483900000101, -33.507324300000256 ], [ -69.121347100000108, -33.507257200000254 ], [ -69.121231700000109, -33.507248300000263 ], [ -69.121078900000114, -33.50728850000025 ], [ -69.120844000000105, -33.507485400000249 ], [ -69.120289900000103, -33.507661400000245 ], [ -69.119873600000105, -33.507875500000253 ], [ -69.119727000000111, -33.508147300000246 ], [ -69.119273700000107, -33.508438100000255 ], [ -69.119080600000103, -33.508710900000267 ], [ -69.118726600000102, -33.508914400000243 ], [ -69.11855370000012, -33.509084600000257 ], [ -69.118026300000096, -33.50926760000025 ], [ -69.117052000000115, -33.509658800000246 ], [ -69.116005400000105, -33.509252500000251 ], [ -69.115175400000112, -33.509102100000248 ], [ -69.113876300000101, -33.509357900000261 ], [ -69.113786100000098, -33.50967380000025 ], [ -69.11405670000012, -33.510215400000249 ], [ -69.113587600000102, -33.51110300000024 ], [ -69.113172600000098, -33.511042900000241 ], [ -69.112703400000115, -33.510742000000249 ], [ -69.112108000000106, -33.510937500000253 ], [ -69.111602800000114, -33.511343700000232 ], [ -69.111133600000102, -33.511975600000262 ], [ -69.110610400000098, -33.512035800000248 ], [ -69.110159300000134, -33.512005700000259 ], [ -69.109654000000106, -33.51214110000025 ], [ -69.109184900000116, -33.512818100000253 ], [ -69.10831880000012, -33.512697700000253 ], [ -69.106676800000116, -33.512682700000248 ], [ -69.10544990000011, -33.512881800000258 ], [ -69.103846600000111, -33.513254900000248 ], [ -69.102765300000101, -33.513488000000251 ], [ -69.102280600000114, -33.513488000000251 ], [ -69.100192500000119, -33.514109800000249 ], [ -69.099223100000103, -33.514933600000241 ], [ -69.097228300000111, -33.51496470000027 ], [ -69.09599780000012, -33.515633100000237 ], [ -69.09491650000011, -33.51611490000024 ], [ -69.0941708000001, -33.515835100000253 ], [ -69.093108100000109, -33.51547760000026 ], [ -69.092082700000105, -33.515570900000256 ], [ -69.091542100000112, -33.516146000000255 ], [ -69.091392900000102, -33.516736700000266 ], [ -69.090535300000113, -33.516876500000237 ], [ -69.090237000000116, -33.517234000000258 ], [ -69.089640500000101, -33.517109700000255 ], [ -69.089174400000118, -33.517389500000249 ], [ -69.088298200000111, -33.517000900000248 ], [ -69.087011800000113, -33.516767700000266 ], [ -69.086042300000102, -33.516674500000263 ], [ -69.085222000000101, -33.516456900000243 ], [ -69.083525500000107, -33.516876500000251 ], [ -69.082574700000109, -33.51684550000023 ], [ -69.081940800000112, -33.516861000000254 ], [ -69.081101900000107, -33.517171900000264 ], [ -69.080337500000113, -33.518088900000258 ], [ -69.078957900000105, -33.519145800000246 ], [ -69.078920600000103, -33.519720900000245 ], [ -69.078995200000094, -33.520140600000261 ], [ -69.078883300000115, -33.520529100000253 ], [ -69.078752800000103, -33.52104200000025 ], [ -69.078100300000102, -33.520979900000242 ], [ -69.077037700000119, -33.520762300000257 ], [ -69.076030900000106, -33.520746700000245 ], [ -69.075508900000116, -33.520606800000252 ], [ -69.07401080000011, -33.520633200000255 ], [ -69.068218600000108, -33.510768800000257 ], [ -69.063189900000111, -33.502255700000248 ], [ -69.060615000000112, -33.498283400000247 ], [ -69.05823, -33.494127800000264 ], [ -69.058211800000095, -33.494096200000257 ], [ -69.053276500000095, -33.485864300000259 ], [ -69.048685200000094, -33.478147100000243 ], [ -69.048269900000093, -33.477536000000264 ], [ -69.044027600000121, -33.470630300000266 ], [ -69.044358200000104, -33.469722700000261 ], [ -69.045083200000107, -33.46775840000025 ], [ -69.046177500000113, -33.467400400000265 ], [ -69.046828300000115, -33.466307800000266 ], [ -69.04894560000011, -33.467257200000255 ], [ -69.050674100000094, -33.466870900000245 ], [ -69.053580400000101, -33.466218900000236 ], [ -69.054825000000108, -33.464536300000276 ], [ -69.055855000000108, -33.463945600000272 ], [ -69.058430300000097, -33.463800200000243 ], [ -69.059029600000102, -33.462868500000255 ], [ -69.059438200000102, -33.462948000000267 ], [ -69.059656200000106, -33.462732100000231 ], [ -69.059315600000104, -33.461970800000245 ], [ -69.059533600000094, -33.461345800000252 ], [ -69.059914900000109, -33.460879900000251 ], [ -69.060991000000115, -33.46083450000026 ], [ -69.061549400000118, -33.461379900000253 ], [ -69.061622600000121, -33.461837500000236 ], [ -69.062396200000094, -33.462264300000228 ], [ -69.063183900000098, -33.461277600000258 ], [ -69.064132800000124, -33.460706400000241 ], [ -69.065106500000113, -33.46050020000024 ], [ -69.065839800000106, -33.460575200000235 ], [ -69.066002100000105, -33.461561100000246 ], [ -69.067305500000117, -33.461567700000238 ], [ -69.068278100000114, -33.460539000000246 ], [ -69.0693677000001, -33.46073220000023 ], [ -69.071002200000095, -33.461164000000245 ], [ -69.072188100000105, -33.460835500000243 ], [ -69.074148600000115, -33.459516300000253 ], [ -69.074216700000107, -33.458766300000242 ], [ -69.075033900000108, -33.458459500000238 ], [ -69.075851200000116, -33.457709500000256 ], [ -69.077158700000112, -33.457368600000258 ], [ -69.077621900000111, -33.45633450000026 ], [ -69.079569600000113, -33.455311800000239 ], [ -69.080890800000105, -33.45442540000024 ], [ -69.081776200000107, -33.453425300000262 ], [ -69.081983600000115, -33.452269700000251 ], [ -69.083478800000094, -33.452084300000251 ], [ -69.083955500000116, -33.451004700000247 ], [ -69.0830701000001, -33.449902400000255 ], [ -69.083615, -33.449209100000246 ], [ -69.085167200000114, -33.449955300000248 ], [ -69.08559000000011, -33.44941370000025 ], [ -69.085222200000118, -33.449015900000255 ], [ -69.085167700000099, -33.448311300000249 ], [ -69.08559, -33.448129400000248 ], [ -69.085685300000108, -33.447356600000234 ], [ -69.086216500000106, -33.446822500000259 ], [ -69.087701200000126, -33.447072500000246 ], [ -69.089403800000113, -33.447038400000267 ], [ -69.090602400000094, -33.446333800000261 ], [ -69.090959700000099, -33.444700200000248 ], [ -69.095337100000094, -33.444109300000257 ], [ -69.096474300000096, -33.444342100000249 ], [ -69.096753300000103, -33.443787100000264 ], [ -69.096367000000114, -33.44337520000024 ], [ -69.096593800000107, -33.442865400000258 ], [ -69.095723300000103, -33.441352000000265 ], [ -69.0967318000001, -33.440779000000248 ], [ -69.099521300000106, -33.440707400000264 ], [ -69.100980400000097, -33.439382400000255 ], [ -69.100937500000114, -33.438701900000254 ], [ -69.1002723000001, -33.43854080000024 ], [ -69.100100700000098, -33.43786040000024 ], [ -69.100529800000103, -33.436965000000235 ], [ -69.102031900000114, -33.436553200000255 ], [ -69.102503900000116, -33.435604200000263 ], [ -69.103169100000116, -33.435246000000248 ], [ -69.103491000000105, -33.434870000000252 ], [ -69.10428490000011, -33.434350700000273 ], [ -69.105293400000093, -33.432148100000241 ], [ -69.104006, -33.431485600000244 ], [ -69.103383700000094, -33.430733400000264 ], [ -69.105336400000112, -33.430626000000252 ], [ -69.10521580000011, -33.429526200000247 ], [ -69.10589400000012, -33.427504900000265 ], [ -69.108962700000106, -33.424501400000253 ], [ -69.110550600000096, -33.422226900000247 ], [ -69.109520600000096, -33.421725500000257 ], [ -69.109670800000103, -33.42093750000025 ], [ -69.11018580000011, -33.420507600000271 ], [ -69.111222200000128, -33.419176800000237 ], [ -69.111816600000111, -33.417051000000257 ], [ -69.112267200000119, -33.416871900000253 ], [ -69.112375300000096, -33.416130600000237 ], [ -69.112481800000097, -33.415224100000252 ], [ -69.1132542000001, -33.415224100000245 ], [ -69.113876500000103, -33.414830100000252 ], [ -69.114734800000107, -33.412895700000242 ], [ -69.115035200000108, -33.411821000000259 ], [ -69.114305700000102, -33.410316400000241 ], [ -69.114982, -33.409341900000271 ], [ -69.116309000000101, -33.409115000000263 ], [ -69.116836700000107, -33.408834700000263 ], [ -69.117028500000103, -33.408300800000248 ], [ -69.117364300000105, -33.40794040000025 ], [ -69.1175882000001, -33.406886000000256 ], [ -69.118019900000107, -33.406752500000259 ], [ -69.11840410000012, -33.406035400000242 ], [ -69.119011200000116, -33.405658100000252 ], [ -69.119649500000122, -33.405862900000258 ], [ -69.120450200000093, -33.405457800000242 ], [ -69.119762600000101, -33.404830500000273 ], [ -69.120258300000117, -33.404096400000256 ], [ -69.120722000000114, -33.403696000000238 ], [ -69.121975500000119, -33.401466700000263 ], [ -69.123459600000103, -33.397625700000248 ], [ -69.123481600000119, -33.396632300000249 ], [ -69.124438600000104, -33.39403550000025 ], [ -69.123932700000111, -33.393361800000257 ], [ -69.123814700000111, -33.393030400000249 ], [ -69.124211700000103, -33.392757200000254 ], [ -69.124882200000101, -33.392931900000242 ], [ -69.1252147000001, -33.392646000000269 ], [ -69.125697600000109, -33.39267210000024 ], [ -69.125987300000119, -33.392354100000247 ], [ -69.126550600000115, -33.392434700000251 ], [ -69.126743700000119, -33.392078600000239 ], [ -69.127435700000092, -33.391785300000251 ], [ -69.127974800000104, -33.391948800000236 ], [ -69.128202800000111, -33.391937600000254 ], [ -69.128648, -33.391731500000255 ], [ -69.128682900000101, -33.39117170000025 ], [ -69.129042300000094, -33.390972400000244 ], [ -69.129318600000119, -33.391335100000255 ], [ -69.129621700000101, -33.391485200000226 ], [ -69.129812100000109, -33.391350800000232 ], [ -69.129694100000108, -33.390970100000253 ], [ -69.129726300000101, -33.390599200000246 ], [ -69.131309300000112, -33.389276300000269 ], [ -69.132131400000105, -33.387617600000247 ], [ -69.133036100000112, -33.386844900000249 ], [ -69.134180400000105, -33.386143300000242 ], [ -69.135413900000117, -33.385175400000257 ], [ -69.135830600000119, -33.384237600000255 ], [ -69.136104500000101, -33.383741400000225 ], [ -69.13601370000012, -33.38332430000024 ], [ -69.135806300000098, -33.382996900000251 ], [ -69.136565400000094, -33.382241100000257 ], [ -69.137337500000115, -33.381554500000256 ], [ -69.137619100000094, -33.381388200000252 ], [ -69.137716, -33.381331000000259 ], [ -69.139022100000119, -33.380559900000236 ], [ -69.139417800000118, -33.379417500000258 ], [ -69.140322300000093, -33.378114700000239 ], [ -69.140627600000116, -33.377482100000243 ], [ -69.140831100000113, -33.376698500000259 ], [ -69.141396400000104, -33.376018700000252 ], [ -69.143811500000112, -33.379412800000232 ], [ -69.145038700000129, -33.378758100000262 ], [ -69.146473600000093, -33.378149400000254 ], [ -69.1477754000001, -33.377613900000249 ], [ -69.149412300000108, -33.377061100000248 ], [ -69.151194700000119, -33.375827400000261 ], [ -69.152637300000109, -33.374820600000255 ], [ -69.153146300000103, -33.374497700000241 ], [ -69.153015700000097, -33.374920600000252 ], [ -69.153144400000116, -33.374962200000247 ], [ -69.153490400000109, -33.375248900000251 ], [ -69.153660300000112, -33.375378100000255 ], [ -69.15391150000012, -33.375520900000247 ], [ -69.154817000000108, -33.375987800000239 ], [ -69.154840100000101, -33.375999900000259 ], [ -69.155832400000108, -33.376521800000248 ], [ -69.15693250000011, -33.377112500000244 ], [ -69.157653800000119, -33.377484000000251 ], [ -69.15914810000011, -33.37828770000025 ], [ -69.1594355000001, -33.37846280000025 ], [ -69.159709500000105, -33.378660300000234 ], [ -69.159926900000102, -33.378900900000261 ], [ -69.15999450000011, -33.378967000000245 ], [ -69.160244200000093, -33.379211100000262 ], [ -69.160422, -33.379360100000248 ], [ -69.160560000000117, -33.379458800000251 ], [ -69.162290800000093, -33.380336800000244 ], [ -69.16257640000012, -33.380529500000243 ], [ -69.162827100000101, -33.380749100000259 ], [ -69.163041200000109, -33.380994300000253 ], [ -69.163212000000101, -33.381281800000252 ], [ -69.163347900000105, -33.381592400000251 ], [ -69.1641410000001, -33.383699500000247 ], [ -69.164289700000111, -33.384046100000255 ], [ -69.164518900000118, -33.384533800000249 ], [ -69.164791400000112, -33.385138200000249 ], [ -69.165070200000102, -33.385766700000254 ], [ -69.165197900000095, -33.386018000000256 ], [ -69.165314800000118, -33.386222200000233 ], [ -69.165401700000118, -33.386392500000255 ], [ -69.165439800000115, -33.386478400000257 ], [ -69.165477600000102, -33.386532100000252 ], [ -69.165491300000099, -33.386584000000255 ], [ -69.165486800000096, -33.386637000000235 ], [ -69.165615600000095, -33.387062300000252 ], [ -69.167708500000103, -33.39159150000026 ], [ -69.1678493000001, -33.391927100000245 ], [ -69.16946230000012, -33.39545510000027 ], [ -69.170461300000113, -33.397666700000258 ], [ -69.170577800000117, -33.397873200000248 ], [ -69.170813400000114, -33.398265800000253 ], [ -69.171114100000111, -33.398672000000239 ], [ -69.173273400000113, -33.401481200000241 ], [ -69.173565200000127, -33.40187270000024 ], [ -69.173792000000105, -33.402250700000259 ], [ -69.174678200000088, -33.403937900000258 ], [ -69.175814800000097, -33.406115800000244 ], [ -69.177256900000103, -33.408970300000249 ], [ -69.18300480000012, -33.420072200000256 ], [ -69.184773500000105, -33.42357390000025 ], [ -69.185174100000111, -33.424211000000255 ], [ -69.185910500000105, -33.425189800000254 ], [ -69.190842600000096, -33.431212000000244 ], [ -69.192115200000117, -33.432733200000257 ], [ -69.193427300000096, -33.43433020000024 ], [ -69.195501700000094, -33.43680940000025 ], [ -69.196257000000102, -33.437697600000256 ], [ -69.196335800000099, -33.437790200000244 ] ] ] ] } },
{ "type": "Feature", "properties": { "fid": 249, "osm_id": "3000597", "osm_way_id": null, "name": "Distrito Gualtallary", "type": "boundary", "aeroway": null, "amenity": null, "admin_level": "6", "barrier": null, "boundary": "administrative", "building": null, "craft": null, "geological": null, "historic": null, "land_area": null, "landuse": null, "leisure": null, "man_made": null, "military": null, "natural": null, "office": null, "place": null, "shop": null, "sport": null, "tourism": null, "other_tags": null }, "geometry": { "type": "MultiPolygon", "coordinates": [ [ [ [ -69.295618800000099, -33.436313400000266 ], [ -69.2956712000001, -33.437260600000265 ], [ -69.29530440000012, -33.437770700000257 ], [ -69.294972600000094, -33.43825160000025 ], [ -69.294082000000117, -33.439023900000258 ], [ -69.293453300000095, -33.439257100000255 ], [ -69.293418400000107, -33.439825500000261 ], [ -69.292911900000107, -33.439971200000272 ], [ -69.292021300000101, -33.439985800000251 ], [ -69.290729000000113, -33.440583200000248 ], [ -69.289943100000116, -33.441326400000257 ], [ -69.289593800000119, -33.44176360000025 ], [ -69.288703200000114, -33.442288200000249 ], [ -69.288126900000108, -33.442608800000251 ], [ -69.287760200000093, -33.443075100000243 ], [ -69.287288700000104, -33.443847400000244 ], [ -69.287498200000101, -33.444328300000251 ], [ -69.28720130000012, -33.444823800000243 ], [ -69.286991800000109, -33.445202600000265 ], [ -69.287131500000115, -33.445566900000259 ], [ -69.286852100000118, -33.445829200000247 ], [ -69.28660760000011, -33.446106100000243 ], [ -69.286066200000093, -33.446732700000261 ], [ -69.286066200000093, -33.447271800000252 ], [ -69.285612200000102, -33.447840100000242 ], [ -69.285402600000097, -33.448116900000258 ], [ -69.2855074000001, -33.44859780000025 ], [ -69.284861200000094, -33.449107800000249 ], [ -69.283988, -33.449399200000258 ], [ -69.283045000000115, -33.44961780000024 ], [ -69.282783100000103, -33.449807200000244 ], [ -69.281840000000102, -33.450462900000247 ], [ -69.280897, -33.450754300000249 ], [ -69.280303200000105, -33.450841700000247 ], [ -69.278976000000114, -33.451468300000258 ], [ -69.278207600000101, -33.452007400000241 ], [ -69.276875400000108, -33.45347500000026 ], [ -69.273343700000098, -33.455617900000249 ], [ -69.271269100000097, -33.455885800000239 ], [ -69.266700200000116, -33.457575400000252 ], [ -69.263193200000103, -33.458955900000255 ], [ -69.259784900000099, -33.459965500000251 ], [ -69.250844600000093, -33.464642500000274 ], [ -69.247658600000094, -33.465528500000246 ], [ -69.243756500000103, -33.467897800000245 ], [ -69.240372900000111, -33.468866100000248 ], [ -69.238594700000107, -33.46987560000025 ], [ -69.235011100000108, -33.471509600000239 ], [ -69.233977100000104, -33.472040000000234 ], [ -69.230445400000093, -33.472687200000244 ], [ -69.224852500000097, -33.472913700000248 ], [ -69.223920800000116, -33.473083300000241 ], [ -69.223850300000109, -33.472966500000254 ], [ -69.223199800000103, -33.471956200000243 ], [ -69.220858200000094, -33.468319500000241 ], [ -69.22059590000012, -33.467942700000251 ], [ -69.216663700000112, -33.461880100000251 ], [ -69.215904500000093, -33.460852900000241 ], [ -69.213940500000106, -33.458426300000241 ], [ -69.212691700000093, -33.457014700000265 ], [ -69.211554800000101, -33.455684300000243 ], [ -69.208632200000096, -33.452293200000248 ], [ -69.205997700000125, -33.449189700000247 ], [ -69.199956200000116, -33.442027800000268 ], [ -69.197941800000095, -33.439678700000265 ], [ -69.196335800000099, -33.437790200000244 ], [ -69.196257000000102, -33.437697600000256 ], [ -69.195501700000094, -33.43680940000025 ], [ -69.193427300000096, -33.43433020000024 ], [ -69.192115200000117, -33.432733200000257 ], [ -69.190842600000096, -33.431212000000244 ], [ -69.185910500000105, -33.425189800000254 ], [ -69.185174100000111, -33.424211000000255 ], [ -69.184773500000105, -33.42357390000025 ], [ -69.18300480000012, -33.420072200000256 ], [ -69.177256900000103, -33.408970300000249 ], [ -69.175814800000097, -33.406115800000244 ], [ -69.174678200000088, -33.403937900000258 ], [ -69.173792000000105, -33.402250700000259 ], [ -69.173565200000127, -33.40187270000024 ], [ -69.173273400000113, -33.401481200000241 ], [ -69.171114100000111, -33.398672000000239 ], [ -69.170813400000114, -33.398265800000253 ], [ -69.170577800000117, -33.397873200000248 ], [ -69.170461300000113, -33.397666700000258 ], [ -69.16946230000012, -33.39545510000027 ], [ -69.1678493000001, -33.391927100000245 ], [ -69.167708500000103, -33.39159150000026 ], [ -69.165615600000095, -33.387062300000252 ], [ -69.165486800000096, -33.386637000000235 ], [ -69.165491300000099, -33.386584000000255 ], [ -69.165477600000102, -33.386532100000252 ], [ -69.165475500000113, -33.386469700000241 ], [ -69.165517800000117, -33.386418500000246 ], [ -69.165618400000099, -33.386378200000252 ], [ -69.167958800000093, -33.386618600000247 ], [ -69.170785, -33.386883000000253 ], [ -69.170931300000106, -33.386896700000243 ], [ -69.171453500000098, -33.386940500000257 ], [ -69.172145400000119, -33.386998500000239 ], [ -69.174517900000097, -33.387212900000272 ], [ -69.175508800000117, -33.387306100000259 ], [ -69.176683400000101, -33.387409900000264 ], [ -69.179597700000102, -33.387667300000253 ], [ -69.180644400000119, -33.387725600000245 ], [ -69.182109700000098, -33.387853700000242 ], [ -69.183756500000115, -33.387958600000246 ], [ -69.184942700000093, -33.388005200000258 ], [ -69.187719900000118, -33.388168400000254 ], [ -69.190495000000112, -33.388301300000251 ], [ -69.190624200000101, -33.388283900000246 ], [ -69.190718400000094, -33.388233400000246 ], [ -69.190775300000112, -33.388158400000272 ], [ -69.190994200000105, -33.387510100000242 ], [ -69.190809900000104, -33.387445200000258 ], [ -69.189375300000108, -33.386837800000244 ], [ -69.189097400000094, -33.386704800000238 ], [ -69.188974500000114, -33.386635200000264 ], [ -69.188857400000117, -33.38653650000024 ], [ -69.188404700000106, -33.385765800000236 ], [ -69.18754490000012, -33.38422230000026 ], [ -69.187323500000119, -33.383919000000247 ], [ -69.187136700000096, -33.383618400000273 ], [ -69.187109500000105, -33.383561600000256 ], [ -69.187052700000095, -33.383381500000255 ], [ -69.1866160000001, -33.381796700000251 ], [ -69.186587600000095, -33.381602600000257 ], [ -69.186581100000097, -33.381354700000244 ], [ -69.186567900000099, -33.379544300000241 ], [ -69.186544700000113, -33.379176600000264 ], [ -69.186505300000107, -33.378673100000242 ], [ -69.259264600000094, -33.353955100000263 ], [ -69.319592200000102, -33.335318500000255 ], [ -69.423296200000109, -33.302591600000248 ], [ -69.43771940000012, -33.297596200000264 ], [ -69.442201100000119, -33.307201700000256 ], [ -69.441441700000098, -33.307304900000247 ], [ -69.441139100000115, -33.307454500000254 ], [ -69.440515500000117, -33.307408100000259 ], [ -69.439626400000094, -33.307702200000264 ], [ -69.439323900000105, -33.307604200000249 ], [ -69.438891700000099, -33.307702200000257 ], [ -69.438601500000118, -33.30793960000026 ], [ -69.438379200000099, -33.308373000000259 ], [ -69.438058200000128, -33.30845040000024 ], [ -69.437761800000104, -33.308383300000244 ], [ -69.437088800000097, -33.308615500000258 ], [ -69.436743000000106, -33.30847620000025 ], [ -69.436119400000095, -33.30862070000024 ], [ -69.435736600000098, -33.308765200000259 ], [ -69.435409400000111, -33.308770300000255 ], [ -69.435131500000111, -33.308713600000232 ], [ -69.43480430000011, -33.308775500000259 ], [ -69.434100400000105, -33.308940600000255 ], [ -69.433297800000119, -33.308899300000249 ], [ -69.433100200000112, -33.308981900000255 ], [ -69.432766800000095, -33.309234700000232 ], [ -69.432476600000115, -33.309250200000243 ], [ -69.432161700000108, -33.309374000000254 ], [ -69.431760400000101, -33.30946690000026 ], [ -69.431717200000108, -33.30955460000024 ], [ -69.4315998000001, -33.309688800000274 ], [ -69.431445500000095, -33.309817800000246 ], [ -69.43134670000012, -33.309879700000259 ], [ -69.431034700000097, -33.310215600000248 ], [ -69.43083420000012, -33.31041120000026 ], [ -69.430420600000105, -33.310437000000249 ], [ -69.430124200000094, -33.31044220000026 ], [ -69.430111800000105, -33.310550500000254 ], [ -69.430025400000105, -33.31068980000024 ], [ -69.429784600000104, -33.310643400000252 ], [ -69.429370900000109, -33.310318300000247 ], [ -69.429130100000108, -33.310256400000242 ], [ -69.428877000000128, -33.310302800000251 ], [ -69.42863, -33.31072080000024 ], [ -69.428413900000095, -33.310813700000232 ], [ -69.427938500000096, -33.31093750000025 ], [ -69.427611200000101, -33.311169700000242 ], [ -69.427172900000102, -33.311747600000238 ], [ -69.426678900000113, -33.311819800000258 ], [ -69.425796000000119, -33.31205200000025 ], [ -69.425468800000118, -33.312273900000257 ], [ -69.424701900000102, -33.312475000000248 ], [ -69.423899200000108, -33.312805200000263 ], [ -69.42372640000012, -33.313063200000251 ], [ -69.423343500000115, -33.313269600000247 ], [ -69.422639700000119, -33.313486300000235 ], [ -69.422158100000104, -33.313579200000255 ], [ -69.422158100000118, -33.313981600000247 ], [ -69.421627100000109, -33.314384100000247 ], [ -69.420873800000095, -33.314311900000256 ], [ -69.420528100000098, -33.314146800000252 ], [ -69.420132900000112, -33.314322200000255 ], [ -69.420046500000112, -33.314858800000245 ], [ -69.419700700000121, -33.315312800000235 ], [ -69.419070900000108, -33.315715300000242 ], [ -69.418539900000113, -33.315684300000243 ], [ -69.418083, -33.316128100000242 ], [ -69.417156900000123, -33.316241600000254 ], [ -69.416761700000109, -33.316427300000264 ], [ -69.415761500000102, -33.316829800000235 ], [ -69.41558860000012, -33.317160000000236 ], [ -69.415057600000125, -33.31746950000025 ], [ -69.41478600000012, -33.317737800000238 ], [ -69.414366100000095, -33.318047400000246 ], [ -69.413217700000104, -33.318965800000257 ], [ -69.411921100000114, -33.319584900000244 ], [ -69.411575300000095, -33.320193700000239 ], [ -69.411180200000103, -33.320802500000241 ], [ -69.411204900000101, -33.321462900000249 ], [ -69.410933200000116, -33.322071700000237 ], [ -69.410723300000114, -33.322298700000246 ], [ -69.409970000000101, -33.322649500000246 ], [ -69.409377300000102, -33.322711400000259 ], [ -69.408698100000095, -33.323361500000246 ], [ -69.407870700000103, -33.324321100000262 ], [ -69.4074138000001, -33.324630600000255 ], [ -69.407142200000109, -33.325260000000249 ], [ -69.406524700000119, -33.325775900000252 ], [ -69.406240700000097, -33.326931500000249 ], [ -69.405783800000108, -33.327416500000247 ], [ -69.405067600000109, -33.327633200000243 ], [ -69.404549000000117, -33.327808600000253 ], [ -69.404092100000099, -33.328241900000243 ], [ -69.403301800000108, -33.328953800000242 ], [ -69.402993, -33.329304600000242 ], [ -69.402894300000114, -33.329830800000252 ], [ -69.402202700000117, -33.330140300000238 ], [ -69.400560400000103, -33.331368100000255 ], [ -69.400115800000123, -33.332162500000244 ], [ -69.399980000000127, -33.332678400000241 ], [ -69.399263800000099, -33.333194300000244 ], [ -69.398868600000114, -33.33375140000026 ], [ -69.398461100000119, -33.334122800000259 ], [ -69.398473500000094, -33.334638600000254 ], [ -69.398251200000118, -33.335041000000253 ], [ -69.398362300000116, -33.33552590000027 ], [ -69.397794300000115, -33.336072700000251 ], [ -69.397102800000098, -33.336495700000249 ], [ -69.396855800000097, -33.337063100000265 ], [ -69.396757, -33.337372600000258 ], [ -69.396337100000096, -33.337898700000245 ], [ -69.396485300000094, -33.33877560000024 ], [ -69.395991400000113, -33.339178000000238 ], [ -69.395917300000093, -33.339900100000257 ], [ -69.395744400000112, -33.340312800000255 ], [ -69.395979, -33.340715100000253 ], [ -69.395954300000113, -33.341045200000238 ], [ -69.395608600000116, -33.341189700000257 ], [ -69.395287500000109, -33.341354700000245 ], [ -69.395176400000111, -33.341839600000242 ], [ -69.394781200000111, -33.342345100000273 ], [ -69.39411440000012, -33.342706100000242 ], [ -69.393756300000121, -33.343469500000261 ], [ -69.393336400000109, -33.343799600000253 ], [ -69.392830100000111, -33.344428900000246 ], [ -69.392509100000126, -33.34461460000027 ], [ -69.392336200000116, -33.345047800000245 ], [ -69.392089200000129, -33.345821500000241 ], [ -69.391558200000105, -33.346543600000246 ], [ -69.391200100000106, -33.346770500000247 ], [ -69.390891400000115, -33.347224400000258 ], [ -69.390829700000111, -33.347771100000259 ], [ -69.390471600000097, -33.348029000000246 ], [ -69.390064100000117, -33.34856540000024 ], [ -69.389459000000116, -33.34930810000025 ], [ -69.38898970000011, -33.349431900000248 ], [ -69.388421700000109, -33.350050800000226 ], [ -69.388051200000106, -33.350360300000247 ], [ -69.387940100000108, -33.350958500000239 ], [ -69.38782900000011, -33.351185500000263 ], [ -69.387186800000109, -33.351237000000253 ], [ -69.387051000000113, -33.351660000000265 ], [ -69.387149800000117, -33.352093200000262 ], [ -69.387001600000119, -33.352382000000233 ], [ -69.387001600000119, -33.352856500000264 ], [ -69.386396500000117, -33.354145800000261 ], [ -69.385630900000109, -33.354558400000265 ], [ -69.38535920000011, -33.355301100000247 ], [ -69.384964100000104, -33.355445500000251 ], [ -69.384791200000109, -33.355785800000248 ], [ -69.384396000000109, -33.356415000000254 ], [ -69.384223200000108, -33.356941000000255 ], [ -69.383766300000104, -33.357549600000247 ], [ -69.383605700000118, -33.358034400000257 ], [ -69.383432800000122, -33.358271600000243 ], [ -69.383111800000094, -33.358890400000249 ], [ -69.382395600000123, -33.359808400000247 ], [ -69.382074500000115, -33.360107500000247 ], [ -69.381901600000106, -33.360365300000247 ], [ -69.382099200000113, -33.36089130000024 ], [ -69.382099200000113, -33.361273000000246 ], [ -69.381839900000102, -33.361819600000253 ], [ -69.381321200000116, -33.362459000000264 ], [ -69.380740900000106, -33.362675600000252 ], [ -69.380530900000096, -33.36299530000025 ], [ -69.379765300000116, -33.363500700000252 ], [ -69.37946890000012, -33.363933900000262 ], [ -69.379283700000116, -33.364315500000238 ], [ -69.379098500000097, -33.364996200000256 ], [ -69.379123200000109, -33.365676800000237 ], [ -69.379110800000106, -33.366171900000246 ], [ -69.378765100000109, -33.366543100000257 ], [ -69.378728, -33.366728800000246 ], [ -69.378542800000105, -33.367564100000259 ], [ -69.378036500000093, -33.368564500000254 ], [ -69.377690700000116, -33.369234800000257 ], [ -69.377320300000108, -33.370297100000258 ], [ -69.376739900000118, -33.371349000000237 ], [ -69.376295400000103, -33.371854300000258 ], [ -69.375665600000119, -33.372462700000256 ], [ -69.375443300000114, -33.373215500000242 ], [ -69.374702400000118, -33.373916800000266 ], [ -69.374122, -33.37463860000026 ], [ -69.373232900000119, -33.375308900000256 ], [ -69.373091000000102, -33.37553700000025 ], [ -69.373081600000106, -33.375552200000257 ], [ -69.372900400000105, -33.37584340000025 ], [ -69.372409200000106, -33.376371500000239 ], [ -69.372042400000097, -33.376969400000242 ], [ -69.371099400000105, -33.378143400000241 ], [ -69.370715200000106, -33.378741300000257 ], [ -69.370505700000095, -33.379353700000252 ], [ -69.370121500000096, -33.379988100000254 ], [ -69.369789600000118, -33.380389100000251 ], [ -69.369833300000096, -33.380724500000241 ], [ -69.369632500000094, -33.380892200000247 ], [ -69.369274500000117, -33.381067200000231 ], [ -69.369099800000114, -33.381606800000249 ], [ -69.368811700000109, -33.382109900000252 ], [ -69.368305200000094, -33.382554600000255 ], [ -69.368174300000106, -33.383014000000237 ], [ -69.367851200000104, -33.38314520000025 ], [ -69.367580500000102, -33.383407700000255 ], [ -69.367397100000105, -33.383925400000258 ], [ -69.367135200000135, -33.384129500000249 ], [ -69.366515200000094, -33.384763800000236 ], [ -69.365432500000111, -33.386178300000246 ], [ -69.364978400000112, -33.386798000000233 ], [ -69.364726300000115, -33.386914500000252 ], [ -69.364489500000104, -33.387024000000217 ], [ -69.364009200000098, -33.387315600000257 ], [ -69.36350280000012, -33.387658300000254 ], [ -69.362845400000097, -33.387979400000248 ], [ -69.362240300000096, -33.388835200000258 ], [ -69.361931600000119, -33.389319800000266 ], [ -69.361598100000094, -33.389856000000243 ], [ -69.361227700000114, -33.390495200000245 ], [ -69.360437400000109, -33.390773600000244 ], [ -69.360274000000118, -33.391095600000249 ], [ -69.360128700000104, -33.391381900000248 ], [ -69.359289000000132, -33.391691200000253 ], [ -69.358634500000093, -33.392103600000247 ], [ -69.357646600000095, -33.39299030000025 ], [ -69.354488500000102, -33.395644200000241 ], [ -69.35012260000012, -33.398297800000229 ], [ -69.347503000000117, -33.399551600000244 ], [ -69.345424900000111, -33.400441000000249 ], [ -69.345005800000123, -33.400805500000246 ], [ -69.344813700000117, -33.400674300000261 ], [ -69.344254800000101, -33.401155400000256 ], [ -69.343975400000105, -33.401855200000256 ], [ -69.34298, -33.402205100000238 ], [ -69.342857700000096, -33.402467500000256 ], [ -69.341932200000102, -33.403138100000255 ], [ -69.341478100000117, -33.403167300000241 ], [ -69.340779600000104, -33.40372130000025 ], [ -69.340028600000096, -33.403881600000247 ], [ -69.338509300000098, -33.404231500000257 ], [ -69.337605200000112, -33.404062000000259 ], [ -69.337011200000106, -33.404165500000232 ], [ -69.336671500000108, -33.404018700000243 ], [ -69.33557540000011, -33.404042000000246 ], [ -69.334475200000114, -33.404071200000253 ], [ -69.334125900000117, -33.404071200000246 ], [ -69.332693900000081, -33.404348200000264 ], [ -69.331943, -33.404654300000239 ], [ -69.331454000000107, -33.405120800000248 ], [ -69.330982500000104, -33.405033400000249 ], [ -69.3300744000001, -33.405281200000253 ], [ -69.329550500000096, -33.405383200000252 ], [ -69.328886900000114, -33.405310300000252 ], [ -69.328258200000093, -33.405354100000253 ], [ -69.327751700000107, -33.405995500000259 ], [ -69.327053200000108, -33.406199600000242 ], [ -69.326511800000105, -33.406607800000266 ], [ -69.32569100000012, -33.407088900000254 ], [ -69.324905200000103, -33.407016000000233 ], [ -69.324154200000095, -33.407336700000251 ], [ -69.323298500000107, -33.407744900000246 ], [ -69.322634900000111, -33.407540800000248 ], [ -69.321796700000093, -33.407788700000246 ], [ -69.321202900000102, -33.408153100000249 ], [ -69.320888600000103, -33.408677900000256 ], [ -69.320294800000113, -33.409100700000259 ], [ -69.319805800000111, -33.410048200000233 ], [ -69.319683600000104, -33.410748000000247 ], [ -69.319020000000108, -33.411797600000249 ], [ -69.31893260000011, -33.412366100000249 ], [ -69.318391300000101, -33.412978300000248 ], [ -69.317657800000106, -33.413342700000243 ], [ -69.316994200000096, -33.413896700000251 ], [ -69.316033700000133, -33.415092000000243 ], [ -69.315701900000107, -33.415966600000253 ], [ -69.31521290000012, -33.416870400000263 ], [ -69.314409600000104, -33.417978200000249 ], [ -69.314007900000121, -33.418532100000256 ], [ -69.313833300000098, -33.419246300000239 ], [ -69.313711, -33.41982940000026 ], [ -69.312995000000114, -33.420456100000273 ], [ -69.312593400000111, -33.420703900000248 ], [ -69.312296500000116, -33.421549300000258 ], [ -69.311755100000113, -33.422132300000257 ], [ -69.311039100000102, -33.422832000000255 ], [ -69.309869100000114, -33.423648200000251 ], [ -69.309694400000112, -33.424274900000249 ], [ -69.308576700000103, -33.424697600000243 ], [ -69.308122700000112, -33.425266100000236 ], [ -69.307528900000094, -33.426198900000252 ], [ -69.306690700000118, -33.426971300000261 ], [ -69.305974700000093, -33.427816700000257 ], [ -69.304769700000108, -33.428297700000243 ], [ -69.303809200000117, -33.429099300000253 ], [ -69.303145600000093, -33.429798800000249 ], [ -69.303058300000103, -33.430338100000242 ], [ -69.302691500000094, -33.431008500000253 ], [ -69.301870700000109, -33.431300000000235 ], [ -69.300910200000104, -33.431941200000232 ], [ -69.299757600000106, -33.432669900000249 ], [ -69.299146400000097, -33.432786500000248 ], [ -69.298971800000118, -33.433340300000246 ], [ -69.298116100000115, -33.433733800000248 ], [ -69.297435000000107, -33.433937900000238 ], [ -69.296701500000097, -33.434783100000246 ], [ -69.296003, -33.435788700000245 ], [ -69.295618800000099, -33.436313400000266 ] ] ] ] } },
{ "type": "Feature", "properties": { "fid": 250, "osm_id": "3000598", "osm_way_id": null, "name": "Distrito Santa Clara", "type": "boundary", "aeroway": null, "amenity": null, "admin_level": "6", "barrier": null, "boundary": "administrative", "building": null, "craft": null, "geological": null, "historic": null, "land_area": null, "landuse": null, "leisure": null, "man_made": null, "military": null, "natural": null, "office": null, "place": null, "shop": null, "sport": null, "tourism": null, "other_tags": null }, "geometry": { "type": "MultiPolygon", "coordinates": [ [ [ [ -69.770382700000127, -33.358389900000255 ], [ -69.359999700000103, -33.403563900000243 ], [ -69.343626200000102, -33.414017100000258 ], [ -69.342368800000116, -33.412967500000263 ], [ -69.301988100000116, -33.435665000000256 ], [ -69.295618800000099, -33.436313400000266 ], [ -69.296003, -33.435788700000245 ], [ -69.296701500000097, -33.434783100000246 ], [ -69.297435000000107, -33.433937900000238 ], [ -69.298116100000115, -33.433733800000248 ], [ -69.298971800000118, -33.433340300000246 ], [ -69.299146400000097, -33.432786500000248 ], [ -69.299757600000106, -33.432669900000249 ], [ -69.300910200000104, -33.431941200000232 ], [ -69.301870700000109, -33.431300000000235 ], [ -69.302691500000094, -33.431008500000253 ], [ -69.303058300000103, -33.430338100000242 ], [ -69.303145600000093, -33.429798800000249 ], [ -69.303809200000117, -33.429099300000253 ], [ -69.304769700000108, -33.428297700000243 ], [ -69.305974700000093, -33.427816700000257 ], [ -69.306690700000118, -33.426971300000261 ], [ -69.307528900000094, -33.426198900000252 ], [ -69.308122700000112, -33.425266100000236 ], [ -69.308576700000103, -33.424697600000243 ], [ -69.309694400000112, -33.424274900000249 ], [ -69.309869100000114, -33.423648200000251 ], [ -69.311039100000102, -33.422832000000255 ], [ -69.311755100000113, -33.422132300000257 ], [ -69.312296500000116, -33.421549300000258 ], [ -69.312593400000111, -33.420703900000248 ], [ -69.312995000000114, -33.420456100000273 ], [ -69.313711, -33.41982940000026 ], [ -69.313833300000098, -33.419246300000239 ], [ -69.314007900000121, -33.418532100000256 ], [ -69.314409600000104, -33.417978200000249 ], [ -69.31521290000012, -33.416870400000263 ], [ -69.315701900000107, -33.415966600000253 ], [ -69.316033700000133, -33.415092000000243 ], [ -69.316994200000096, -33.413896700000251 ], [ -69.317657800000106, -33.413342700000243 ], [ -69.318391300000101, -33.412978300000248 ], [ -69.31893260000011, -33.412366100000249 ], [ -69.319020000000108, -33.411797600000249 ], [ -69.319683600000104, -33.410748000000247 ], [ -69.319805800000111, -33.410048200000233 ], [ -69.320294800000113, -33.409100700000259 ], [ -69.320888600000103, -33.408677900000256 ], [ -69.321202900000102, -33.408153100000249 ], [ -69.321796700000093, -33.407788700000246 ], [ -69.322634900000111, -33.407540800000248 ], [ -69.323298500000107, -33.407744900000246 ], [ -69.324154200000095, -33.407336700000251 ], [ -69.324905200000103, -33.407016000000233 ], [ -69.32569100000012, -33.407088900000254 ], [ -69.326511800000105, -33.406607800000266 ], [ -69.327053200000108, -33.406199600000242 ], [ -69.327751700000107, -33.405995500000259 ], [ -69.328258200000093, -33.405354100000253 ], [ -69.328886900000114, -33.405310300000252 ], [ -69.329550500000096, -33.405383200000252 ], [ -69.3300744000001, -33.405281200000253 ], [ -69.330982500000104, -33.405033400000249 ], [ -69.331454000000107, -33.405120800000248 ], [ -69.331943, -33.404654300000239 ], [ -69.332693900000081, -33.404348200000264 ], [ -69.334125900000117, -33.404071200000246 ], [ -69.334475200000114, -33.404071200000253 ], [ -69.33557540000011, -33.404042000000246 ], [ -69.336671500000108, -33.404018700000243 ], [ -69.337011200000106, -33.404165500000232 ], [ -69.337605200000112, -33.404062000000259 ], [ -69.338509300000098, -33.404231500000257 ], [ -69.340028600000096, -33.403881600000247 ], [ -69.340779600000104, -33.40372130000025 ], [ -69.341478100000117, -33.403167300000241 ], [ -69.341932200000102, -33.403138100000255 ], [ -69.342857700000096, -33.402467500000256 ], [ -69.34298, -33.402205100000238 ], [ -69.343975400000105, -33.401855200000256 ], [ -69.344254800000101, -33.401155400000256 ], [ -69.344813700000117, -33.400674300000261 ], [ -69.345005800000123, -33.400805500000246 ], [ -69.345424900000111, -33.400441000000249 ], [ -69.347503000000117, -33.399551600000244 ], [ -69.35012260000012, -33.398297800000229 ], [ -69.354488500000102, -33.395644200000241 ], [ -69.357646600000095, -33.39299030000025 ], [ -69.358634500000093, -33.392103600000247 ], [ -69.359289000000132, -33.391691200000253 ], [ -69.360128700000104, -33.391381900000248 ], [ -69.360274000000118, -33.391095600000249 ], [ -69.360437400000109, -33.390773600000244 ], [ -69.361227700000114, -33.390495200000245 ], [ -69.361598100000094, -33.389856000000243 ], [ -69.361931600000119, -33.389319800000266 ], [ -69.362240300000096, -33.388835200000258 ], [ -69.362845400000097, -33.387979400000248 ], [ -69.36350280000012, -33.387658300000254 ], [ -69.364009200000098, -33.387315600000257 ], [ -69.364489500000104, -33.387024000000217 ], [ -69.364726300000115, -33.386914500000252 ], [ -69.364978400000112, -33.386798000000233 ], [ -69.365432500000111, -33.386178300000246 ], [ -69.366515200000094, -33.384763800000236 ], [ -69.367135200000135, -33.384129500000249 ], [ -69.367397100000105, -33.383925400000258 ], [ -69.367580500000102, -33.383407700000255 ], [ -69.367851200000104, -33.38314520000025 ], [ -69.368174300000106, -33.383014000000237 ], [ -69.368305200000094, -33.382554600000255 ], [ -69.368811700000109, -33.382109900000252 ], [ -69.369099800000114, -33.381606800000249 ], [ -69.369274500000117, -33.381067200000231 ], [ -69.369632500000094, -33.380892200000247 ], [ -69.369833300000096, -33.380724500000241 ], [ -69.369789600000118, -33.380389100000251 ], [ -69.370121500000096, -33.379988100000254 ], [ -69.370505700000095, -33.379353700000252 ], [ -69.370715200000106, -33.378741300000257 ], [ -69.371099400000105, -33.378143400000241 ], [ -69.372042400000097, -33.376969400000242 ], [ -69.372409200000106, -33.376371500000239 ], [ -69.372900400000105, -33.37584340000025 ], [ -69.373081600000106, -33.375552200000257 ], [ -69.373091000000102, -33.37553700000025 ], [ -69.373232900000119, -33.375308900000256 ], [ -69.374122, -33.37463860000026 ], [ -69.374702400000118, -33.373916800000266 ], [ -69.375443300000114, -33.373215500000242 ], [ -69.375665600000119, -33.372462700000256 ], [ -69.376295400000103, -33.371854300000258 ], [ -69.376739900000118, -33.371349000000237 ], [ -69.377320300000108, -33.370297100000258 ], [ -69.377690700000116, -33.369234800000257 ], [ -69.378036500000093, -33.368564500000254 ], [ -69.378542800000105, -33.367564100000259 ], [ -69.378728, -33.366728800000246 ], [ -69.378765100000109, -33.366543100000257 ], [ -69.379110800000106, -33.366171900000246 ], [ -69.379123200000109, -33.365676800000237 ], [ -69.379098500000097, -33.364996200000256 ], [ -69.379283700000116, -33.364315500000238 ], [ -69.37946890000012, -33.363933900000262 ], [ -69.379765300000116, -33.363500700000252 ], [ -69.380530900000096, -33.36299530000025 ], [ -69.380740900000106, -33.362675600000252 ], [ -69.381321200000116, -33.362459000000264 ], [ -69.381839900000102, -33.361819600000253 ], [ -69.382099200000113, -33.361273000000246 ], [ -69.382099200000113, -33.36089130000024 ], [ -69.381901600000106, -33.360365300000247 ], [ -69.382074500000115, -33.360107500000247 ], [ -69.382395600000123, -33.359808400000247 ], [ -69.383111800000094, -33.358890400000249 ], [ -69.383432800000122, -33.358271600000243 ], [ -69.383605700000118, -33.358034400000257 ], [ -69.383766300000104, -33.357549600000247 ], [ -69.384223200000108, -33.356941000000255 ], [ -69.384396000000109, -33.356415000000254 ], [ -69.384791200000109, -33.355785800000248 ], [ -69.384964100000104, -33.355445500000251 ], [ -69.38535920000011, -33.355301100000247 ], [ -69.385630900000109, -33.354558400000265 ], [ -69.386396500000117, -33.354145800000261 ], [ -69.387001600000119, -33.352856500000264 ], [ -69.387001600000119, -33.352382000000233 ], [ -69.387149800000117, -33.352093200000262 ], [ -69.387051000000113, -33.351660000000265 ], [ -69.387186800000109, -33.351237000000253 ], [ -69.38782900000011, -33.351185500000263 ], [ -69.387940100000108, -33.350958500000239 ], [ -69.388051200000106, -33.350360300000247 ], [ -69.388421700000109, -33.350050800000226 ], [ -69.38898970000011, -33.349431900000248 ], [ -69.389459000000116, -33.34930810000025 ], [ -69.390064100000117, -33.34856540000024 ], [ -69.390471600000097, -33.348029000000246 ], [ -69.390829700000111, -33.347771100000259 ], [ -69.390891400000115, -33.347224400000258 ], [ -69.391200100000106, -33.346770500000247 ], [ -69.391558200000105, -33.346543600000246 ], [ -69.392089200000129, -33.345821500000241 ], [ -69.392336200000116, -33.345047800000245 ], [ -69.392509100000126, -33.34461460000027 ], [ -69.392830100000111, -33.344428900000246 ], [ -69.393336400000109, -33.343799600000253 ], [ -69.393756300000121, -33.343469500000261 ], [ -69.39411440000012, -33.342706100000242 ], [ -69.394781200000111, -33.342345100000273 ], [ -69.395176400000111, -33.341839600000242 ], [ -69.395287500000109, -33.341354700000245 ], [ -69.395608600000116, -33.341189700000257 ], [ -69.395954300000113, -33.341045200000238 ], [ -69.395979, -33.340715100000253 ], [ -69.395744400000112, -33.340312800000255 ], [ -69.395917300000093, -33.339900100000257 ], [ -69.395991400000113, -33.339178000000238 ], [ -69.396485300000094, -33.33877560000024 ], [ -69.396337100000096, -33.337898700000245 ], [ -69.396757, -33.337372600000258 ], [ -69.396855800000097, -33.337063100000265 ], [ -69.397102800000098, -33.336495700000249 ], [ -69.397794300000115, -33.336072700000251 ], [ -69.398362300000116, -33.33552590000027 ], [ -69.398251200000118, -33.335041000000253 ], [ -69.398473500000094, -33.334638600000254 ], [ -69.398461100000119, -33.334122800000259 ], [ -69.398868600000114, -33.33375140000026 ], [ -69.399263800000099, -33.333194300000244 ], [ -69.399980000000127, -33.332678400000241 ], [ -69.400115800000123, -33.332162500000244 ], [ -69.400560400000103, -33.331368100000255 ], [ -69.402202700000117, -33.330140300000238 ], [ -69.402894300000114, -33.329830800000252 ], [ -69.402993, -33.329304600000242 ], [ -69.403301800000108, -33.328953800000242 ], [ -69.404092100000099, -33.328241900000243 ], [ -69.404549000000117, -33.327808600000253 ], [ -69.405067600000109, -33.327633200000243 ], [ -69.405783800000108, -33.327416500000247 ], [ -69.406240700000097, -33.326931500000249 ], [ -69.406524700000119, -33.325775900000252 ], [ -69.407142200000109, -33.325260000000249 ], [ -69.4074138000001, -33.324630600000255 ], [ -69.407870700000103, -33.324321100000262 ], [ -69.408698100000095, -33.323361500000246 ], [ -69.409377300000102, -33.322711400000259 ], [ -69.409970000000101, -33.322649500000246 ], [ -69.410723300000114, -33.322298700000246 ], [ -69.410933200000116, -33.322071700000237 ], [ -69.411204900000101, -33.321462900000249 ], [ -69.411180200000103, -33.320802500000241 ], [ -69.411575300000095, -33.320193700000239 ], [ -69.411921100000114, -33.319584900000244 ], [ -69.413217700000104, -33.318965800000257 ], [ -69.414366100000095, -33.318047400000246 ], [ -69.41478600000012, -33.317737800000238 ], [ -69.415057600000125, -33.31746950000025 ], [ -69.41558860000012, -33.317160000000236 ], [ -69.415761500000102, -33.316829800000235 ], [ -69.416761700000109, -33.316427300000264 ], [ -69.417156900000123, -33.316241600000254 ], [ -69.418083, -33.316128100000242 ], [ -69.418539900000113, -33.315684300000243 ], [ -69.419070900000108, -33.315715300000242 ], [ -69.419700700000121, -33.315312800000235 ], [ -69.420046500000112, -33.314858800000245 ], [ -69.420132900000112, -33.314322200000255 ], [ -69.420528100000098, -33.314146800000252 ], [ -69.420873800000095, -33.314311900000256 ], [ -69.421627100000109, -33.314384100000247 ], [ -69.422158100000118, -33.313981600000247 ], [ -69.422158100000104, -33.313579200000255 ], [ -69.422639700000119, -33.313486300000235 ], [ -69.423343500000115, -33.313269600000247 ], [ -69.42372640000012, -33.313063200000251 ], [ -69.423899200000108, -33.312805200000263 ], [ -69.424701900000102, -33.312475000000248 ], [ -69.425468800000118, -33.312273900000257 ], [ -69.425796000000119, -33.31205200000025 ], [ -69.426678900000113, -33.311819800000258 ], [ -69.427172900000102, -33.311747600000238 ], [ -69.427611200000101, -33.311169700000242 ], [ -69.427938500000096, -33.31093750000025 ], [ -69.428413900000095, -33.310813700000232 ], [ -69.42863, -33.31072080000024 ], [ -69.428877000000128, -33.310302800000251 ], [ -69.429130100000108, -33.310256400000242 ], [ -69.429370900000109, -33.310318300000247 ], [ -69.429784600000104, -33.310643400000252 ], [ -69.430025400000105, -33.31068980000024 ], [ -69.430111800000105, -33.310550500000254 ], [ -69.430124200000094, -33.31044220000026 ], [ -69.430420600000105, -33.310437000000249 ], [ -69.43083420000012, -33.31041120000026 ], [ -69.431034700000097, -33.310215600000248 ], [ -69.43134670000012, -33.309879700000259 ], [ -69.431445500000095, -33.309817800000246 ], [ -69.4315998000001, -33.309688800000274 ], [ -69.431717200000108, -33.30955460000024 ], [ -69.431760400000101, -33.30946690000026 ], [ -69.432161700000108, -33.309374000000254 ], [ -69.432476600000115, -33.309250200000243 ], [ -69.432766800000095, -33.309234700000232 ], [ -69.433100200000112, -33.308981900000255 ], [ -69.433297800000119, -33.308899300000249 ], [ -69.434100400000105, -33.308940600000255 ], [ -69.43480430000011, -33.308775500000259 ], [ -69.435131500000111, -33.308713600000232 ], [ -69.435409400000111, -33.308770300000255 ], [ -69.435736600000098, -33.308765200000259 ], [ -69.436119400000095, -33.30862070000024 ], [ -69.436743000000106, -33.30847620000025 ], [ -69.437088800000097, -33.308615500000258 ], [ -69.437761800000104, -33.308383300000244 ], [ -69.438058200000128, -33.30845040000024 ], [ -69.438379200000099, -33.308373000000259 ], [ -69.438601500000118, -33.30793960000026 ], [ -69.438891700000099, -33.307702200000257 ], [ -69.439323900000105, -33.307604200000249 ], [ -69.439626400000094, -33.307702200000264 ], [ -69.440515500000117, -33.307408100000259 ], [ -69.441139100000115, -33.307454500000254 ], [ -69.441441700000098, -33.307304900000247 ], [ -69.442201100000119, -33.307201700000256 ], [ -69.442448100000107, -33.307263600000255 ], [ -69.442695100000108, -33.307583500000263 ], [ -69.442830900000104, -33.307753800000235 ], [ -69.443084, -33.307764100000256 ], [ -69.443540900000116, -33.30754740000026 ], [ -69.443787900000117, -33.307439000000265 ], [ -69.444158400000106, -33.307191400000249 ], [ -69.444553500000097, -33.30711910000025 ], [ -69.444831400000112, -33.306984900000245 ], [ -69.445189500000112, -33.307026200000259 ], [ -69.445492000000115, -33.306804300000245 ], [ -69.44589950000011, -33.306587600000277 ], [ -69.446195900000106, -33.306665000000258 ], [ -69.446862700000096, -33.306794000000224 ], [ -69.447159100000107, -33.306541200000247 ], [ -69.44743080000012, -33.306474100000258 ], [ -69.447646900000109, -33.306303800000265 ], [ -69.448165500000101, -33.306087100000255 ], [ -69.448375400000117, -33.305983900000257 ], [ -69.448770600000103, -33.306174800000264 ], [ -69.4489990000001, -33.306577300000249 ], [ -69.449455900000117, -33.306659900000248 ], [ -69.449937500000104, -33.30653600000025 ], [ -69.450345, -33.30631410000025 ], [ -69.450530300000111, -33.306272800000258 ], [ -69.45042530000012, -33.305963200000257 ], [ -69.450530300000096, -33.305803300000235 ], [ -69.450845100000095, -33.305762000000243 ], [ -69.451246500000096, -33.305354300000246 ], [ -69.4514688000001, -33.304972500000247 ], [ -69.451728100000111, -33.304884800000259 ], [ -69.4520306000001, -33.304982800000246 ], [ -69.452234400000108, -33.30511180000024 ], [ -69.452271400000129, -33.305375000000254 ], [ -69.452431900000107, -33.305581400000257 ], [ -69.452691300000112, -33.305700100000237 ], [ -69.453086400000117, -33.305689700000258 ], [ -69.453475400000116, -33.305669100000252 ], [ -69.453845900000132, -33.305498800000265 ], [ -69.454284200000117, -33.305199500000249 ], [ -69.454735000000113, -33.305060200000248 ], [ -69.454938700000099, -33.304900200000247 ], [ -69.454932500000112, -33.30431710000024 ], [ -69.455105400000093, -33.304141700000258 ], [ -69.455236300000109, -33.304135100000259 ], [ -69.455772200000098, -33.30382690000026 ], [ -69.456071, -33.303529700000254 ], [ -69.4563397000001, -33.303412200000245 ], [ -69.457178500000097, -33.303397800000248 ], [ -69.457365200000112, -33.303295400000259 ], [ -69.457414600000106, -33.303272200000251 ], [ -69.458025900000109, -33.302985800000243 ], [ -69.458495100000093, -33.302650300000259 ], [ -69.458606200000105, -33.302361400000244 ], [ -69.458476600000097, -33.302191100000243 ], [ -69.458087600000098, -33.302072400000249 ], [ -69.458038200000104, -33.301964000000247 ], [ -69.458161700000105, -33.301855600000273 ], [ -69.458384000000123, -33.30177820000025 ], [ -69.458476600000097, -33.301669900000242 ], [ -69.458624800000095, -33.301360200000261 ], [ -69.458717400000111, -33.301009300000246 ], [ -69.458976700000107, -33.300813200000242 ], [ -69.459297800000115, -33.30060680000026 ], [ -69.459421300000116, -33.300467500000266 ], [ -69.459433600000111, -33.300209500000243 ], [ -69.459303900000094, -33.29998240000026 ], [ -69.459390400000103, -33.299796600000242 ], [ -69.459433600000111, -33.299492100000244 ], [ -69.459594100000103, -33.299373400000263 ], [ -69.459859600000115, -33.299244400000255 ], [ -69.460254800000101, -33.299306400000262 ], [ -69.460458500000101, -33.299151500000235 ], [ -69.460643800000113, -33.29907410000024 ], [ -69.46110680000011, -33.298764500000239 ], [ -69.461292100000108, -33.298718100000251 ], [ -69.461489600000093, -33.298630300000255 ], [ -69.46191570000012, -33.298578700000256 ], [ -69.462335500000094, -33.298274200000257 ], [ -69.462718300000105, -33.298207200000263 ], [ -69.463095, -33.29790780000026 ], [ -69.463576600000096, -33.297742700000256 ], [ -69.463934700000095, -33.297742700000256 ], [ -69.464243400000115, -33.297484700000247 ], [ -69.465385600000118, -33.297159500000234 ], [ -69.465780800000104, -33.296880900000239 ], [ -69.466015400000117, -33.296824100000251 ], [ -69.466515500000114, -33.296514400000248 ], [ -69.466744000000105, -33.296380300000266 ], [ -69.467256400000096, -33.296354500000263 ], [ -69.467707200000106, -33.296359600000251 ], [ -69.468034400000093, -33.296117100000245 ], [ -69.468466600000113, -33.295905500000252 ], [ -69.468775300000104, -33.295611300000246 ], [ -69.469158100000115, -33.295472000000267 ], [ -69.469312500000115, -33.295213900000249 ], [ -69.470207800000125, -33.294857800000251 ], [ -69.470460900000106, -33.29473910000025 ], [ -69.470677, -33.294749500000243 ], [ -69.47088690000011, -33.294950700000264 ], [ -69.47105980000012, -33.294961100000251 ], [ -69.471275900000109, -33.294713300000247 ], [ -69.471362400000103, -33.29470300000024 ], [ -69.471646400000111, -33.294795900000246 ], [ -69.471887200000097, -33.294780400000249 ], [ -69.472220600000114, -33.294610100000241 ], [ -69.472424300000114, -33.294465600000244 ], [ -69.472597200000109, -33.294166300000263 ], [ -69.472838, -33.294078500000261 ], [ -69.473041800000104, -33.293903100000243 ], [ -69.473245500000104, -33.293665700000254 ], [ -69.4735048000001, -33.293552100000255 ], [ -69.473739500000107, -33.293165100000273 ], [ -69.474122300000133, -33.293067000000264 ], [ -69.474579200000093, -33.292963800000265 ], [ -69.475307700000116, -33.292783200000251 ], [ -69.475882000000126, -33.292483800000255 ], [ -69.476042500000105, -33.292225800000253 ], [ -69.475999300000112, -33.291797400000256 ], [ -69.476085700000112, -33.291611600000252 ], [ -69.476172100000113, -33.291441300000251 ], [ -69.476314200000104, -33.291286500000247 ], [ -69.476635200000104, -33.290971600000255 ], [ -69.476919200000125, -33.290476200000263 ], [ -69.477265000000102, -33.289867200000252 ], [ -69.477308200000095, -33.289557500000249 ], [ -69.477372800000111, -33.289370100000248 ], [ -69.4774132000001, -33.289253000000265 ], [ -69.477684800000119, -33.288994900000247 ], [ -69.477654000000101, -33.288685300000239 ], [ -69.47797890000011, -33.288456000000245 ], [ -69.478324600000093, -33.288383800000247 ], [ -69.4788803000001, -33.288125700000251 ], [ -69.479386600000112, -33.287816000000241 ], [ -69.479627400000098, -33.287625100000248 ], [ -69.479973200000117, -33.28753730000026 ], [ -69.48076970000011, -33.286938600000262 ], [ -69.480948700000113, -33.286773500000244 ], [ -69.481405600000102, -33.286814700000249 ], [ -69.481757600000108, -33.286654700000248 ], [ -69.482331800000111, -33.286443100000263 ], [ -69.482572600000097, -33.286468900000266 ], [ -69.4830295000001, -33.286396700000253 ], [ -69.483671600000108, -33.285942500000253 ], [ -69.483900000000105, -33.285798000000256 ], [ -69.484245800000124, -33.285467600000239 ], [ -69.484443400000103, -33.285152800000262 ], [ -69.484820000000113, -33.284920500000254 ], [ -69.484887900000118, -33.284750200000261 ], [ -69.484869400000093, -33.284285700000247 ], [ -69.484999100000095, -33.284192800000262 ], [ -69.485196600000123, -33.283991500000241 ], [ -69.485239900000096, -33.28354240000025 ], [ -69.485474500000109, -33.282840400000246 ], [ -69.485709100000093, -33.282644300000229 ], [ -69.485863500000093, -33.282231400000256 ], [ -69.486005500000118, -33.281839100000255 ], [ -69.486141300000114, -33.281772000000252 ], [ -69.48630180000012, -33.28169460000025 ], [ -69.486369800000105, -33.281240400000257 ], [ -69.486598200000103, -33.281162900000254 ], [ -69.486715500000116, -33.281023600000246 ], [ -69.486950100000101, -33.280930700000255 ], [ -69.487061300000093, -33.280925500000265 ], [ -69.48722800000013, -33.280739700000247 ], [ -69.487357600000109, -33.28054870000026 ], [ -69.487561400000104, -33.280471300000258 ], [ -69.487882500000097, -33.280471300000258 ], [ -69.488413500000107, -33.280285400000245 ], [ -69.488604900000098, -33.280357700000245 ], [ -69.488901200000114, -33.280342200000263 ], [ -69.489345800000095, -33.280378400000252 ], [ -69.489666800000123, -33.280388700000259 ], [ -69.489987900000116, -33.280115100000273 ], [ -69.490284300000098, -33.280089300000256 ], [ -69.490475700000104, -33.279929300000234 ], [ -69.490691800000093, -33.27975380000025 ], [ -69.490864600000094, -33.27975380000025 ], [ -69.491093100000114, -33.279578300000246 ], [ -69.491531500000107, -33.279573100000242 ], [ -69.492093300000107, -33.279253100000254 ], [ -69.49248230000012, -33.279113700000259 ], [ -69.492821900000109, -33.278809200000261 ], [ -69.493217100000095, -33.278587200000231 ], [ -69.493470200000118, -33.27846330000024 ], [ -69.493760400000099, -33.278473700000262 ], [ -69.494106200000118, -33.278112300000245 ], [ -69.49429760000011, -33.278091700000239 ], [ -69.494526000000107, -33.278112300000252 ], [ -69.494655700000095, -33.278086500000263 ], [ -69.495057000000102, -33.277890400000224 ], [ -69.495248400000094, -33.277828400000253 ], [ -69.495575600000109, -33.277890400000246 ], [ -69.495779400000117, -33.277921400000253 ], [ -69.496230100000119, -33.277699400000266 ], [ -69.49657590000011, -33.277663300000249 ], [ -69.496687000000108, -33.277740700000265 ], [ -69.497156300000114, -33.277751000000272 ], [ -69.497483500000115, -33.27759100000025 ], [ -69.497798400000093, -33.27776130000025 ], [ -69.498051500000116, -33.277627100000252 ], [ -69.498310900000106, -33.277647800000246 ], [ -69.498465200000112, -33.277580700000243 ], [ -69.499070300000099, -33.277462000000263 ], [ -69.49914440000012, -33.277544500000246 ], [ -69.499311100000114, -33.277616800000253 ], [ -69.499891500000118, -33.27767360000027 ], [ -69.500354600000094, -33.277451600000241 ], [ -69.500854700000104, -33.277245200000266 ], [ -69.501268400000114, -33.277172900000231 ], [ -69.501787, -33.277286400000243 ], [ -69.502003100000096, -33.277203900000259 ], [ -69.502280900000102, -33.277105800000236 ], [ -69.502663700000099, -33.277126400000235 ], [ -69.503120600000116, -33.276961200000244 ], [ -69.503355300000109, -33.276904500000249 ], [ -69.503676300000123, -33.277028400000248 ], [ -69.503892400000097, -33.277069600000232 ], [ -69.504164100000111, -33.277059300000246 ], [ -69.504367900000133, -33.277219300000262 ], [ -69.504651900000113, -33.27731740000025 ], [ -69.504979100000114, -33.277312300000247 ], [ -69.505559500000118, -33.277085100000249 ], [ -69.505781800000094, -33.276930300000245 ], [ -69.506084300000097, -33.276852800000249 ], [ -69.506263400000108, -33.276677300000252 ], [ -69.506553600000132, -33.276651500000241 ], [ -69.506887000000106, -33.276801200000243 ], [ -69.507282100000111, -33.276739300000244 ], [ -69.507510600000103, -33.276878700000246 ], [ -69.507825500000109, -33.276868300000231 ], [ -69.508233000000118, -33.276718600000258 ], [ -69.508646600000105, -33.276770300000258 ], [ -69.509313500000118, -33.276641200000249 ], [ -69.509665400000117, -33.276347000000257 ], [ -69.509869200000111, -33.27629020000024 ], [ -69.510214900000108, -33.276403800000253 ], [ -69.510449500000107, -33.276568900000242 ], [ -69.511048400000121, -33.276651500000256 ], [ -69.511474500000105, -33.276615400000246 ], [ -69.511789400000097, -33.276341800000253 ], [ -69.512017800000109, -33.276176600000255 ], [ -69.512221600000103, -33.276223100000244 ], [ -69.512474700000098, -33.276331500000239 ], [ -69.5129625000001, -33.276419200000255 ], [ -69.513357000000113, -33.276442300000262 ], [ -69.513527500000095, -33.276547600000256 ], [ -69.513609400000121, -33.276653000000259 ], [ -69.513878100000099, -33.276896800000259 ], [ -69.514015800000095, -33.276965300000249 ], [ -69.514154100000113, -33.277007700000247 ], [ -69.514357400000094, -33.276994000000251 ], [ -69.514480500000104, -33.277013500000244 ], [ -69.514549000000102, -33.27703290000025 ], [ -69.515039300000112, -33.277253700000244 ], [ -69.515147700000099, -33.277314600000246 ], [ -69.515204, -33.277361600000248 ], [ -69.515279100000114, -33.277397500000248 ], [ -69.515395200000114, -33.277410300000241 ], [ -69.515645200000108, -33.277399800000261 ], [ -69.51573110000011, -33.27741590000025 ], [ -69.516099000000111, -33.277575500000239 ], [ -69.516420100000119, -33.277632300000249 ], [ -69.517099300000098, -33.277751000000237 ], [ -69.517451200000096, -33.277591000000257 ], [ -69.517871100000107, -33.277632300000242 ], [ -69.518284700000095, -33.277823300000257 ], [ -69.518507, -33.27784910000026 ], [ -69.51866750000012, -33.277787100000261 ], [ -69.519192400000108, -33.27786460000025 ], [ -69.519797400000101, -33.277652900000263 ], [ -69.520038200000116, -33.277663300000242 ], [ -69.520266700000093, -33.277771700000258 ], [ -69.520402500000117, -33.277782000000244 ], [ -69.520637100000101, -33.277921400000238 ], [ -69.521019900000098, -33.278071000000239 ], [ -69.52143980000011, -33.278303300000253 ], [ -69.521797900000109, -33.278416900000252 ], [ -69.522310400000109, -33.278633700000249 ], [ -69.522631400000122, -33.278835000000257 ], [ -69.522958700000103, -33.278695600000248 ], [ -69.523261200000093, -33.27876270000025 ], [ -69.523582300000115, -33.278711100000251 ], [ -69.523921900000119, -33.278969200000247 ], [ -69.524292300000113, -33.278964000000265 ], [ -69.524613400000135, -33.278943400000252 ], [ -69.525119700000133, -33.279072400000238 ], [ -69.525360500000104, -33.279015700000251 ], [ -69.525558100000111, -33.279000200000247 ], [ -69.526015000000115, -33.279186000000244 ], [ -69.526434800000104, -33.279160200000241 ], [ -69.526823800000102, -33.279278900000257 ], [ -69.527169600000093, -33.279258300000244 ], [ -69.527620300000095, -33.279469900000251 ], [ -69.528194500000112, -33.279598900000266 ], [ -69.528577300000109, -33.27973830000024 ], [ -69.528756400000105, -33.279666000000262 ], [ -69.529133000000115, -33.279722800000258 ], [ -69.529324400000093, -33.279758900000246 ], [ -69.529447900000093, -33.280011900000254 ], [ -69.529688700000108, -33.280063500000246 ], [ -69.529991200000097, -33.279877700000227 ], [ -69.530232, -33.279851900000267 ], [ -69.53067660000012, -33.280053200000239 ], [ -69.53097910000011, -33.280275100000239 ], [ -69.531139600000103, -33.280373200000255 ], [ -69.53159650000012, -33.280140900000255 ], [ -69.531769400000115, -33.280104800000238 ], [ -69.531960800000107, -33.280171900000241 ], [ -69.532510300000112, -33.280460900000243 ], [ -69.532695600000096, -33.280502200000271 ], [ -69.53303510000012, -33.280409300000279 ], [ -69.533177200000097, -33.28050220000025 ], [ -69.533560000000108, -33.280636400000255 ], [ -69.533806900000101, -33.280811900000259 ], [ -69.534646600000102, -33.280868700000248 ], [ -69.534782500000119, -33.280915200000251 ], [ -69.53514680000012, -33.281152600000247 ], [ -69.535478600000104, -33.281141800000249 ], [ -69.535659200000111, -33.280961600000232 ], [ -69.535870800000112, -33.280902000000232 ], [ -69.536070200000111, -33.28090010000026 ], [ -69.536286600000096, -33.280952500000261 ], [ -69.53649380000013, -33.281043800000241 ], [ -69.53668180000011, -33.281005500000248 ], [ -69.536733600000119, -33.280863600000245 ], [ -69.536925000000124, -33.280837700000262 ], [ -69.53728310000011, -33.280951300000247 ], [ -69.537610300000111, -33.28098230000024 ], [ -69.537845700000105, -33.281003000000254 ], [ -69.538036300000101, -33.281126500000255 ], [ -69.538259200000113, -33.281224200000253 ], [ -69.538499400000106, -33.281245500000239 ], [ -69.538919300000103, -33.281353900000255 ], [ -69.53907980000011, -33.281699700000225 ], [ -69.539190900000094, -33.281772000000259 ], [ -69.539437900000109, -33.28170490000025 ], [ -69.539697200000106, -33.281632600000258 ], [ -69.539925700000097, -33.281725500000235 ], [ -69.540734500000099, -33.281844300000259 ], [ -69.540993800000109, -33.281828800000255 ], [ -69.54129020000012, -33.28160680000024 ], [ -69.541382800000093, -33.281591300000265 ], [ -69.541629800000095, -33.281689400000253 ], [ -69.541907600000116, -33.281658400000239 ], [ -69.542327500000113, -33.28171010000024 ], [ -69.542833800000111, -33.281544900000263 ], [ -69.543137800000096, -33.281440500000237 ], [ -69.543344900000108, -33.281466500000271 ], [ -69.543701100000121, -33.281400100000248 ], [ -69.543957500000118, -33.281204200000253 ], [ -69.544581400000112, -33.28105040000024 ], [ -69.544689500000104, -33.280975200000235 ], [ -69.544909400000108, -33.280953900000235 ], [ -69.545149600000116, -33.281032500000236 ], [ -69.545524500000099, -33.280948200000246 ], [ -69.545795900000115, -33.280902300000243 ], [ -69.545946100000108, -33.280631000000255 ], [ -69.546132600000121, -33.280515900000253 ], [ -69.5463278000001, -33.280495600000251 ], [ -69.546858100000094, -33.280213900000255 ], [ -69.546869200000103, -33.279984600000255 ], [ -69.547204100000116, -33.279848400000247 ], [ -69.547794700000111, -33.279429900000252 ], [ -69.547864600000096, -33.279050300000243 ], [ -69.548475800000105, -33.278480900000247 ], [ -69.548545700000105, -33.277955300000258 ], [ -69.5487028000001, -33.277707100000264 ], [ -69.549191800000116, -33.277473500000241 ], [ -69.549401400000093, -33.276904100000252 ], [ -69.5499602000001, -33.276553700000264 ], [ -69.550292, -33.275721500000245 ], [ -69.55062380000011, -33.275341900000249 ], [ -69.551147700000101, -33.274568100000245 ], [ -69.551304900000119, -33.274232200000256 ], [ -69.551741500000119, -33.274013200000248 ], [ -69.552247900000111, -33.274115400000262 ], [ -69.552614700000106, -33.273619000000245 ], [ -69.553068700000111, -33.273341600000258 ], [ -69.553760400000101, -33.272764200000253 ], [ -69.554168900000107, -33.272451000000238 ], [ -69.554867500000114, -33.272042100000249 ], [ -69.555566, -33.271852300000241 ], [ -69.555880400000106, -33.271414300000245 ], [ -69.556526500000118, -33.271282900000244 ], [ -69.558430000000115, -33.270246200000265 ], [ -69.55895390000012, -33.270202400000244 ], [ -69.559215900000126, -33.269822800000242 ], [ -69.55982710000012, -33.269560000000254 ], [ -69.5601415000001, -33.268917500000256 ], [ -69.560735200000096, -33.268289600000237 ], [ -69.561486200000104, -33.267545000000254 ], [ -69.562394300000108, -33.266698100000255 ], [ -69.562988000000104, -33.266084800000264 ], [ -69.563616700000111, -33.265223300000244 ], [ -69.564088200000114, -33.264376400000273 ], [ -69.564875800000095, -33.263385800000265 ], [ -69.565011700000099, -33.263107000000268 ], [ -69.565394500000096, -33.262611400000239 ], [ -69.565666100000129, -33.262188100000252 ], [ -69.565789600000116, -33.261929900000247 ], [ -69.566073600000109, -33.261702800000251 ], [ -69.566444100000112, -33.261640800000229 ], [ -69.566604600000105, -33.26142400000024 ], [ -69.566901000000115, -33.261382700000247 ], [ -69.567185000000109, -33.261558200000252 ], [ -69.567481400000119, -33.261516900000252 ], [ -69.567740700000115, -33.261444600000253 ], [ -69.567765400000113, -33.261103900000258 ], [ -69.568000000000112, -33.261021300000259 ], [ -69.568135900000115, -33.260825100000254 ], [ -69.56814820000011, -33.260401700000244 ], [ -69.568358100000111, -33.260040300000249 ], [ -69.568666800000116, -33.260009300000242 ], [ -69.569074300000096, -33.259833800000258 ], [ -69.569407800000107, -33.259792500000266 ], [ -69.570012800000114, -33.259751200000231 ], [ -69.570148700000118, -33.25932780000025 ], [ -69.570371000000108, -33.258636000000259 ], [ -69.570655000000116, -33.258233300000242 ], [ -69.570753800000119, -33.257634400000249 ], [ -69.570781500000095, -33.257530600000244 ], [ -69.57092630000011, -33.256987100000252 ], [ -69.570990800000104, -33.25613300000024 ], [ -69.571124200000099, -33.255651800000265 ], [ -69.571124200000099, -33.255342000000255 ], [ -69.571124200000114, -33.254980500000251 ], [ -69.571507000000111, -33.254805000000253 ], [ -69.571877500000113, -33.254598500000256 ], [ -69.571922000000114, -33.254550700000244 ], [ -69.572223200000096, -33.254226700000252 ], [ -69.572494900000095, -33.253875600000256 ], [ -69.572877700000106, -33.253638100000252 ], [ -69.57323580000012, -33.253617400000245 ], [ -69.573384000000118, -33.253390300000248 ], [ -69.573643300000114, -33.253307600000255 ], [ -69.573964400000094, -33.253297300000249 ], [ -69.574124900000101, -33.253059800000258 ], [ -69.574705300000119, -33.252915200000253 ], [ -69.574865800000111, -33.252564100000242 ], [ -69.575261, -33.252295600000259 ], [ -69.575372100000109, -33.252089100000241 ], [ -69.575569700000102, -33.251717300000244 ], [ -69.575742600000126, -33.251293900000249 ], [ -69.575940200000119, -33.25084990000024 ], [ -69.575866100000098, -33.250271600000239 ], [ -69.576187100000098, -33.249879200000251 ], [ -69.576409400000117, -33.249063300000245 ], [ -69.5764712000001, -33.24861930000025 ], [ -69.576446500000102, -33.248237200000254 ], [ -69.576718100000107, -33.247679500000231 ], [ -69.576816900000111, -33.247349000000241 ], [ -69.576681100000101, -33.247008200000266 ], [ -69.576816900000111, -33.246760400000255 ], [ -69.577150300000127, -33.246564100000256 ], [ -69.577150300000113, -33.246347300000238 ], [ -69.577385000000135, -33.246027100000248 ], [ -69.577582500000105, -33.245985800000241 ], [ -69.577792500000101, -33.245500400000253 ], [ -69.577878900000115, -33.245138900000249 ], [ -69.578088800000103, -33.245066700000272 ], [ -69.578175300000098, -33.244519300000242 ], [ -69.578014700000111, -33.244013200000254 ], [ -69.578286400000096, -33.243796400000257 ], [ -69.578360500000102, -33.243424600000246 ], [ -69.578768, -33.243176700000255 ], [ -69.578817400000119, -33.242939100000243 ], [ -69.578521000000109, -33.242722300000239 ], [ -69.578471600000128, -33.242495100000241 ], [ -69.578372800000096, -33.241875400000247 ], [ -69.57806410000012, -33.241235000000273 ], [ -69.57799, -33.240512100000259 ], [ -69.578138200000112, -33.24006800000025 ], [ -69.577780100000112, -33.239551600000247 ], [ -69.577198500000122, -33.238836500000254 ], [ -69.577023900000114, -33.238310600000254 ], [ -69.576377700000108, -33.237288200000243 ], [ -69.57592360000011, -33.236411800000255 ], [ -69.575783900000104, -33.235827500000255 ], [ -69.575347400000112, -33.235097100000253 ], [ -69.575399700000105, -33.23470280000025 ], [ -69.575644200000113, -33.234323000000259 ], [ -69.575906200000105, -33.233811700000238 ], [ -69.576065300000096, -33.233101200000256 ], [ -69.576238200000105, -33.232584800000261 ], [ -69.576250600000108, -33.231923700000252 ], [ -69.575917100000098, -33.231396900000256 ], [ -69.575855400000094, -33.23081850000024 ], [ -69.575534300000101, -33.230260700000258 ], [ -69.57526270000011, -33.229599600000256 ], [ -69.574756400000112, -33.229145100000252 ], [ -69.5747317000001, -33.228793900000262 ], [ -69.574892200000107, -33.228050200000247 ], [ -69.574756400000112, -33.227358100000252 ], [ -69.574484700000099, -33.22674870000025 ], [ -69.574423, -33.22634580000026 ], [ -69.574237700000111, -33.225250900000248 ], [ -69.574101900000102, -33.224393500000239 ], [ -69.573743800000102, -33.223980300000257 ], [ -69.573015200000128, -33.223205500000262 ], [ -69.572941100000108, -33.222699300000265 ], [ -69.57224960000012, -33.221532000000259 ], [ -69.572027300000101, -33.221098100000262 ], [ -69.57195320000011, -33.220819200000264 ], [ -69.571718600000111, -33.220519600000245 ], [ -69.571681600000105, -33.220199400000254 ], [ -69.571879100000118, -33.218339900000245 ], [ -69.571780400000094, -33.216532000000257 ], [ -69.571632200000096, -33.215912100000253 ], [ -69.571335800000114, -33.215127000000265 ], [ -69.571311100000116, -33.214579400000233 ], [ -69.571484, -33.214393500000249 ], [ -69.571595100000096, -33.21409390000025 ], [ -69.571545700000115, -33.213649600000245 ], [ -69.571385200000108, -33.212957400000263 ], [ -69.571545700000115, -33.212409900000253 ], [ -69.571842100000111, -33.211831300000256 ], [ -69.571879100000118, -33.211418000000258 ], [ -69.571582800000115, -33.210818800000254 ], [ -69.571446900000112, -33.210219600000244 ], [ -69.571484, -33.209517000000261 ], [ -69.571829800000103, -33.208649100000258 ], [ -69.572187900000117, -33.208576800000266 ], [ -69.572422500000116, -33.208256500000253 ], [ -69.572336000000121, -33.207770900000249 ], [ -69.572397800000118, -33.207275000000251 ], [ -69.572879400000133, -33.206768700000239 ], [ -69.572928800000128, -33.206334800000256 ], [ -69.5733733000001, -33.205590900000253 ], [ -69.5730523000001, -33.204929600000256 ], [ -69.573077, -33.204268300000244 ], [ -69.573249800000099, -33.203483100000248 ], [ -69.572854700000093, -33.202904400000243 ], [ -69.571866800000109, -33.201602500000263 ], [ -69.571471600000109, -33.20071390000026 ], [ -69.572015, -33.199742600000256 ], [ -69.572854700000107, -33.199060700000253 ], [ -69.573348600000116, -33.198296000000248 ], [ -69.573669700000096, -33.196477400000262 ], [ -69.573793200000125, -33.195361400000252 ], [ -69.574410600000093, -33.194266000000262 ], [ -69.575991200000118, -33.191806600000255 ], [ -69.577868200000097, -33.189595100000254 ], [ -69.578535000000116, -33.188251700000251 ], [ -69.57969580000011, -33.185254700000264 ], [ -69.580156400000121, -33.184592700000266 ], [ -69.58055800000011, -33.184168800000279 ], [ -69.580959700000093, -33.18295570000025 ], [ -69.581169300000113, -33.182341900000253 ], [ -69.581431200000111, -33.18143570000025 ], [ -69.581798000000106, -33.180690300000251 ], [ -69.58232190000011, -33.180178700000241 ], [ -69.582985500000106, -33.179564800000257 ], [ -69.583247400000118, -33.179199400000257 ], [ -69.583439500000097, -33.178278600000262 ], [ -69.583352200000107, -33.177153100000254 ], [ -69.583177600000113, -33.17617380000025 ], [ -69.583474500000108, -33.175019000000248 ], [ -69.583736400000106, -33.174390500000257 ], [ -69.583998400000098, -33.173659600000249 ], [ -69.584155500000108, -33.172987200000257 ], [ -69.584469900000101, -33.172592600000257 ], [ -69.584827100000112, -33.172106600000248 ], [ -69.585222200000103, -33.171527700000247 ], [ -69.585345700000119, -33.170390800000256 ], [ -69.584580100000096, -33.169708500000247 ], [ -69.584481300000107, -33.169005700000262 ], [ -69.585222200000118, -33.168075400000255 ], [ -69.585395100000113, -33.166835000000248 ], [ -69.58613600000011, -33.166607600000255 ], [ -69.587247400000109, -33.16617340000024 ], [ -69.587247400000109, -33.165408500000254 ], [ -69.586901600000118, -33.164188700000238 ], [ -69.58653120000011, -33.162865600000259 ], [ -69.58630890000012, -33.161211600000257 ], [ -69.586259500000111, -33.159764300000262 ], [ -69.586996200000115, -33.158217300000238 ], [ -69.588255000000103, -33.157406900000247 ], [ -69.591258700000111, -33.154132000000232 ], [ -69.593144800000104, -33.153313200000262 ], [ -69.594961000000112, -33.151558700000251 ], [ -69.595482100000126, -33.150882900000255 ], [ -69.596000800000098, -33.149290700000257 ], [ -69.596494700000093, -33.148215400000247 ], [ -69.596717000000126, -33.147347000000259 ], [ -69.597161600000106, -33.146726600000264 ], [ -69.597729600000093, -33.146168300000262 ], [ -69.598643400000114, -33.145878800000247 ], [ -69.599384300000096, -33.145610000000261 ], [ -69.600347500000098, -33.145610000000246 ], [ -69.601014300000102, -33.145775400000247 ], [ -69.602175100000096, -33.145527300000246 ], [ -69.606628700000101, -33.147948200000251 ], [ -69.611075400000104, -33.153526100000256 ], [ -69.629360100000127, -33.176380600000243 ], [ -69.644517300000132, -33.195966500000246 ], [ -69.770382700000127, -33.358389900000255 ] ] ] ] } },
{ "type": "Feature", "properties": { "fid": 252, "osm_id": "3005417", "osm_way_id": null, "name": "Distrito Ciudad de Tupungato", "type": "boundary", "aeroway": null, "amenity": null, "admin_level": "6", "barrier": null, "boundary": "administrative", "building": null, "craft": null, "geological": null, "historic": null, "land_area": null, "landuse": null, "leisure": null, "man_made": null, "military": null, "natural": null, "office": null, "place": null, "shop": null, "sport": null, "tourism": null, "other_tags": "\"wikidata\"=>\"Q3542234\",\"wikipedia\"=>\"es:Ciudad de Tupungato\"" }, "geometry": { "type": "MultiPolygon", "coordinates": [ [ [ [ -69.141396400000104, -33.376018700000252 ], [ -69.129345900000132, -33.364502000000236 ], [ -69.1301208000001, -33.360588100000257 ], [ -69.130894800000107, -33.360786700000247 ], [ -69.131025300000104, -33.360827200000244 ], [ -69.132358400000115, -33.361241200000258 ], [ -69.1324994000001, -33.361285000000272 ], [ -69.133664600000117, -33.361749500000265 ], [ -69.133865200000116, -33.361823100000251 ], [ -69.13419140000012, -33.361910000000258 ], [ -69.134445000000127, -33.361977700000253 ], [ -69.134912000000114, -33.362090100000259 ], [ -69.135207900000097, -33.362143300000255 ], [ -69.13623600000011, -33.362298400000256 ], [ -69.1364516000001, -33.362332300000247 ], [ -69.137862700000099, -33.362461100000253 ], [ -69.138119800000112, -33.362483700000254 ], [ -69.139294800000101, -33.362559100000269 ], [ -69.139735300000098, -33.36258940000026 ], [ -69.14011360000012, -33.362628200000266 ], [ -69.140345800000119, -33.362666900000256 ], [ -69.140692500000114, -33.362786800000258 ], [ -69.1410482000001, -33.362926300000261 ], [ -69.142322, -33.363452300000255 ], [ -69.143072800000112, -33.363754800000251 ], [ -69.143328400000115, -33.363810000000242 ], [ -69.143415900000107, -33.363810600000264 ], [ -69.1435132000001, -33.36380490000024 ], [ -69.143722100000105, -33.363681800000244 ], [ -69.143858200000096, -33.363624600000271 ], [ -69.143893800000114, -33.363596900000253 ], [ -69.143946800000109, -33.363536500000251 ], [ -69.144484500000118, -33.362756400000237 ], [ -69.145281900000114, -33.36162240000025 ], [ -69.145575900000097, -33.361205100000248 ], [ -69.14587250000011, -33.360785800000265 ], [ -69.146232600000118, -33.360267400000254 ], [ -69.146390500000109, -33.360043000000239 ], [ -69.146808100000115, -33.359436100000252 ], [ -69.147182100000094, -33.358906800000248 ], [ -69.147236000000106, -33.35894880000027 ], [ -69.148057300000119, -33.35958850000025 ], [ -69.148273400000093, -33.359809500000253 ], [ -69.14884210000011, -33.360242800000229 ], [ -69.149318300000118, -33.360613400000254 ], [ -69.149943100000115, -33.361039600000254 ], [ -69.150628400000116, -33.361487000000238 ], [ -69.151370400000118, -33.361968400000258 ], [ -69.152691000000104, -33.362627400000228 ], [ -69.153590300000104, -33.362408600000251 ], [ -69.154659200000097, -33.364486600000255 ], [ -69.154696200000103, -33.365631400000254 ], [ -69.154239300000114, -33.366497700000238 ], [ -69.153943000000126, -33.369292500000242 ], [ -69.1538812000001, -33.371973800000241 ], [ -69.1538812000001, -33.372891700000245 ], [ -69.153465500000095, -33.374067700000239 ], [ -69.153146300000103, -33.374497700000241 ], [ -69.152637300000109, -33.374820600000255 ], [ -69.151194700000119, -33.375827400000261 ], [ -69.149412300000108, -33.377061100000248 ], [ -69.1477754000001, -33.377613900000249 ], [ -69.146473600000093, -33.378149400000254 ], [ -69.145038700000129, -33.378758100000262 ], [ -69.143811500000112, -33.379412800000232 ], [ -69.141396400000104, -33.376018700000252 ] ] ] ] } },
{ "type": "Feature", "properties": { "fid": 253, "osm_id": "3005418", "osm_way_id": null, "name": "Distrito El Zampal", "type": "boundary", "aeroway": null, "amenity": null, "admin_level": "6", "barrier": null, "boundary": "administrative", "building": null, "craft": null, "geological": null, "historic": null, "land_area": null, "landuse": null, "leisure": null, "man_made": null, "military": null, "natural": null, "office": null, "place": null, "shop": null, "sport": null, "tourism": null, "other_tags": null }, "geometry": { "type": "MultiPolygon", "coordinates": [ [ [ [ -69.105336400000112, -33.430626000000252 ], [ -69.103383700000094, -33.430733400000264 ], [ -69.104006, -33.431485600000244 ], [ -69.105293400000093, -33.432148100000241 ], [ -69.10428490000011, -33.434350700000273 ], [ -69.103491000000105, -33.434870000000252 ], [ -69.103169100000116, -33.435246000000248 ], [ -69.102503900000116, -33.435604200000263 ], [ -69.102031900000114, -33.436553200000255 ], [ -69.100529800000103, -33.436965000000235 ], [ -69.100100700000098, -33.43786040000024 ], [ -69.1002723000001, -33.43854080000024 ], [ -69.100937500000114, -33.438701900000254 ], [ -69.100980400000097, -33.439382400000255 ], [ -69.099521300000106, -33.440707400000264 ], [ -69.0967318000001, -33.440779000000248 ], [ -69.095723300000103, -33.441352000000265 ], [ -69.096593800000107, -33.442865400000258 ], [ -69.096367000000114, -33.44337520000024 ], [ -69.096753300000103, -33.443787100000264 ], [ -69.096474300000096, -33.444342100000249 ], [ -69.095337100000094, -33.444109300000257 ], [ -69.090959700000099, -33.444700200000248 ], [ -69.090602400000094, -33.446333800000261 ], [ -69.089403800000113, -33.447038400000267 ], [ -69.087701200000126, -33.447072500000246 ], [ -69.086216500000106, -33.446822500000259 ], [ -69.085685300000108, -33.447356600000234 ], [ -69.08559, -33.448129400000248 ], [ -69.085167700000099, -33.448311300000249 ], [ -69.085222200000118, -33.449015900000255 ], [ -69.08559000000011, -33.44941370000025 ], [ -69.085167200000114, -33.449955300000248 ], [ -69.083615, -33.449209100000246 ], [ -69.0830701000001, -33.449902400000255 ], [ -69.083955500000116, -33.451004700000247 ], [ -69.083478800000094, -33.452084300000251 ], [ -69.081983600000115, -33.452269700000251 ], [ -69.081776200000107, -33.453425300000262 ], [ -69.080890800000105, -33.45442540000024 ], [ -69.079569600000113, -33.455311800000239 ], [ -69.077621900000111, -33.45633450000026 ], [ -69.077158700000112, -33.457368600000258 ], [ -69.075851200000116, -33.457709500000256 ], [ -69.075033900000108, -33.458459500000238 ], [ -69.074216700000107, -33.458766300000242 ], [ -69.074148600000115, -33.459516300000253 ], [ -69.072188100000105, -33.460835500000243 ], [ -69.071002200000095, -33.461164000000245 ], [ -69.0693677000001, -33.46073220000023 ], [ -69.068278100000114, -33.460539000000246 ], [ -69.067305500000117, -33.461567700000238 ], [ -69.066002100000105, -33.461561100000246 ], [ -69.065839800000106, -33.460575200000235 ], [ -69.065106500000113, -33.46050020000024 ], [ -69.064132800000124, -33.460706400000241 ], [ -69.063183900000098, -33.461277600000258 ], [ -69.062396200000094, -33.462264300000228 ], [ -69.061622600000121, -33.461837500000236 ], [ -69.061549400000118, -33.461379900000253 ], [ -69.060991000000115, -33.46083450000026 ], [ -69.059914900000109, -33.460879900000251 ], [ -69.059533600000094, -33.461345800000252 ], [ -69.059315600000104, -33.461970800000245 ], [ -69.059656200000106, -33.462732100000231 ], [ -69.059438200000102, -33.462948000000267 ], [ -69.059029600000102, -33.462868500000255 ], [ -69.058430300000097, -33.463800200000243 ], [ -69.055855000000108, -33.463945600000272 ], [ -69.054825000000108, -33.464536300000276 ], [ -69.053580400000101, -33.466218900000236 ], [ -69.050674100000094, -33.466870900000245 ], [ -69.04894560000011, -33.467257200000255 ], [ -69.046828300000115, -33.466307800000266 ], [ -69.047341200000105, -33.465675900000257 ], [ -69.047103500000105, -33.465141000000266 ], [ -69.046787, -33.464796400000246 ], [ -69.046926500000097, -33.464608500000246 ], [ -69.047232300000104, -33.464425000000247 ], [ -69.0472484000001, -33.464187800000239 ], [ -69.047344900000127, -33.463977500000254 ], [ -69.04731270000012, -33.463798500000266 ], [ -69.047425400000094, -33.463592600000247 ], [ -69.047763400000093, -33.463717900000255 ], [ -69.047999400000094, -33.463529900000253 ], [ -69.047634600000109, -33.463086900000263 ], [ -69.047414700000118, -33.462755700000251 ], [ -69.047522000000114, -33.46247380000024 ], [ -69.047688300000104, -33.462312700000247 ], [ -69.047945700000113, -33.462097900000259 ], [ -69.048407100000119, -33.462071000000257 ], [ -69.048755800000123, -33.462053100000254 ], [ -69.049249300000113, -33.462012800000245 ], [ -69.049490700000106, -33.461811500000259 ], [ -69.049233200000117, -33.46144900000025 ], [ -69.049195700000098, -33.461220700000254 ], [ -69.049469200000104, -33.46122520000025 ], [ -69.049801800000111, -33.461565300000238 ], [ -69.050365100000093, -33.460916400000265 ], [ -69.050815700000115, -33.460732900000252 ], [ -69.051447300000106, -33.46065150000026 ], [ -69.051722300000108, -33.460379400000264 ], [ -69.052591300000103, -33.460379400000271 ], [ -69.052902500000101, -33.459887100000259 ], [ -69.051963700000115, -33.459273900000255 ], [ -69.052044200000125, -33.458656300000264 ], [ -69.051861800000097, -33.458423600000259 ], [ -69.051464800000105, -33.458029800000261 ], [ -69.051175100000094, -33.457635900000241 ], [ -69.052151500000107, -33.457430000000258 ], [ -69.052677200000105, -33.457412100000248 ], [ -69.05310630000011, -33.457233100000273 ], [ -69.053267300000101, -33.456830300000249 ], [ -69.053225400000102, -33.456452000000247 ], [ -69.053074100000103, -33.456481200000255 ], [ -69.052832700000096, -33.456646800000257 ], [ -69.052473300000102, -33.45665580000027 ], [ -69.052296300000094, -33.456347000000264 ], [ -69.052081700000102, -33.45608740000025 ], [ -69.052242600000099, -33.455747200000239 ], [ -69.053084900000115, -33.455541300000242 ], [ -69.053154600000113, -33.455205700000228 ], [ -69.053310200000098, -33.455210200000245 ], [ -69.053986100000103, -33.455729300000257 ], [ -69.054662000000107, -33.455935200000262 ], [ -69.055091100000098, -33.455881500000267 ], [ -69.055354000000108, -33.455639800000235 ], [ -69.055257400000116, -33.455183300000265 ], [ -69.054930200000115, -33.455156500000264 ], [ -69.054908800000106, -33.45491030000025 ], [ -69.055118000000107, -33.454762600000251 ], [ -69.055249000000117, -33.454400400000253 ], [ -69.055064300000112, -33.45433290000026 ], [ -69.054576200000113, -33.454503000000265 ], [ -69.054393800000113, -33.454610400000242 ], [ -69.053889500000111, -33.454431400000253 ], [ -69.053471100000095, -33.454391100000244 ], [ -69.052993700000101, -33.454494100000247 ], [ -69.052966800000107, -33.454265800000229 ], [ -69.053095600000105, -33.453912200000254 ], [ -69.052961500000094, -33.453795800000243 ], [ -69.052822000000106, -33.453625800000239 ], [ -69.052902500000101, -33.453339300000252 ], [ -69.053202900000116, -33.45310660000024 ], [ -69.05321360000012, -33.452851500000271 ], [ -69.053438900000103, -33.452815700000272 ], [ -69.053809100000109, -33.452896200000254 ], [ -69.054184600000113, -33.453196100000234 ], [ -69.054924900000103, -33.453983800000245 ], [ -69.055482800000107, -33.454055400000264 ], [ -69.055568600000115, -33.453863000000261 ], [ -69.055380800000108, -33.453343800000255 ], [ -69.055160900000118, -33.453115500000251 ], [ -69.054898000000108, -33.453075300000251 ], [ -69.054839000000101, -33.452864900000264 ], [ -69.055021400000115, -33.452824600000248 ], [ -69.055198400000108, -33.45268590000024 ], [ -69.055053600000093, -33.452488900000255 ], [ -69.054570800000093, -33.452278600000255 ], [ -69.053852000000106, -33.452081600000248 ], [ -69.053787600000121, -33.451732500000254 ], [ -69.053538300000113, -33.45123660000025 ], [ -69.054125600000106, -33.450394300000262 ], [ -69.054114800000107, -33.449830300000244 ], [ -69.054495700000103, -33.449440900000255 ], [ -69.054485000000113, -33.448872400000248 ], [ -69.05431870000011, -33.448451700000255 ], [ -69.054259700000117, -33.448250300000254 ], [ -69.054393800000113, -33.447945900000249 ], [ -69.054232800000094, -33.44750730000024 ], [ -69.053809100000109, -33.44726560000025 ], [ -69.053734000000119, -33.447073100000246 ], [ -69.053900200000101, -33.446903000000248 ], [ -69.053648100000103, -33.446357000000248 ], [ -69.054222100000104, -33.445940600000242 ], [ -69.055037500000097, -33.446124200000241 ], [ -69.055407600000095, -33.445837700000247 ], [ -69.055391600000107, -33.445466200000261 ], [ -69.054940900000105, -33.445425900000238 ], [ -69.054442100000117, -33.44480370000025 ], [ -69.054431300000104, -33.444606800000244 ], [ -69.054570800000093, -33.444579900000249 ], [ -69.054940900000105, -33.444920100000246 ], [ -69.055219900000097, -33.445040900000265 ], [ -69.055745600000094, -33.444911100000262 ], [ -69.056153300000105, -33.444530700000257 ], [ -69.056405400000102, -33.444436700000281 ], [ -69.056689700000121, -33.444606800000251 ], [ -69.056958, -33.444647000000245 ], [ -69.057135000000102, -33.444562000000253 ], [ -69.057199400000101, -33.444468000000235 ], [ -69.057049200000094, -33.444271000000256 ], [ -69.056839900000099, -33.444324800000267 ], [ -69.056566400000094, -33.444302400000247 ], [ -69.056013800000102, -33.444083000000241 ], [ -69.055225300000117, -33.443881600000246 ], [ -69.055219900000111, -33.443675700000242 ], [ -69.055236, -33.443366800000263 ], [ -69.055364700000112, -33.44326840000025 ], [ -69.055681200000109, -33.44350560000025 ], [ -69.056046000000109, -33.443751800000257 ], [ -69.056410800000108, -33.443823400000234 ], [ -69.056575100000117, -33.443725200000259 ], [ -69.056518100000119, -33.443348900000245 ], [ -69.056276700000097, -33.443134100000243 ], [ -69.056432300000097, -33.442740200000266 ], [ -69.056705800000117, -33.442538700000227 ], [ -69.056882900000105, -33.442529800000258 ], [ -69.056882900000119, -33.442744600000267 ], [ -69.056920400000095, -33.442847600000249 ], [ -69.057894100000098, -33.442579000000258 ], [ -69.058065700000114, -33.442384300000249 ], [ -69.058130100000099, -33.442173900000256 ], [ -69.058202500000093, -33.442028400000247 ], [ -69.058336600000104, -33.441938900000252 ], [ -69.058792600000132, -33.442198500000266 ], [ -69.058883800000132, -33.44208220000025 ], [ -69.058969600000097, -33.441513700000264 ], [ -69.059232500000093, -33.441016800000256 ], [ -69.058937400000119, -33.440909400000237 ], [ -69.058749700000121, -33.440739300000246 ], [ -69.058701400000103, -33.440340900000251 ], [ -69.0588999000001, -33.440255800000266 ], [ -69.05920570000012, -33.440291600000251 ], [ -69.059414900000093, -33.440528900000253 ], [ -69.059640200000104, -33.440627300000266 ], [ -69.059763600000096, -33.440282700000239 ], [ -69.059978100000095, -33.440103600000242 ], [ -69.060289300000093, -33.439982700000265 ], [ -69.060348300000101, -33.439736500000258 ], [ -69.060235600000112, -33.439575400000258 ], [ -69.059999600000097, -33.439575400000251 ], [ -69.059608, -33.439709700000257 ], [ -69.059457800000118, -33.439450000000249 ], [ -69.059645500000101, -33.439087500000241 ], [ -69.059575800000133, -33.438599500000237 ], [ -69.059425600000097, -33.438407000000247 ], [ -69.059388, -33.438295100000246 ], [ -69.059704500000095, -33.438339900000273 ], [ -69.059897700000093, -33.438348800000249 ], [ -69.059935200000098, -33.437977300000263 ], [ -69.059688500000092, -33.437377400000251 ], [ -69.059892300000115, -33.43722080000024 ], [ -69.060472300000114, -33.43737300000025 ], [ -69.060868600000106, -33.437028300000243 ], [ -69.061222700000101, -33.437068600000266 ], [ -69.061587500000101, -33.437247600000255 ], [ -69.061963000000105, -33.437332700000248 ], [ -69.062322400000113, -33.437149100000248 ], [ -69.06208100000012, -33.436553700000267 ], [ -69.061737700000108, -33.436446300000242 ], [ -69.061566000000113, -33.436092700000259 ], [ -69.061893200000114, -33.435779300000242 ], [ -69.061687500000119, -33.435482300000245 ], [ -69.061501600000113, -33.435389800000252 ], [ -69.060895400000121, -33.435457000000255 ], [ -69.060713100000115, -33.435340600000245 ], [ -69.061104700000101, -33.435045100000252 ], [ -69.061871800000105, -33.434678000000254 ], [ -69.062655000000106, -33.434449700000265 ], [ -69.062660300000118, -33.434199000000262 ], [ -69.06235460000012, -33.434055800000259 ], [ -69.062199000000106, -33.433872200000259 ], [ -69.06239210000011, -33.433558900000257 ], [ -69.062832000000128, -33.433384300000256 ], [ -69.063009, -33.433643900000263 ], [ -69.063282600000107, -33.43376480000024 ], [ -69.063422100000111, -33.433648400000251 ], [ -69.063363100000103, -33.433093300000266 ], [ -69.063556200000107, -33.432775400000246 ], [ -69.064140900000098, -33.432645600000249 ], [ -69.064698800000116, -33.432256100000245 ], [ -69.064961700000097, -33.432153100000264 ], [ -69.064925300000098, -33.431819500000259 ], [ -69.064613000000122, -33.431678600000261 ], [ -69.064157, -33.431696500000257 ], [ -69.063851200000116, -33.431535300000256 ], [ -69.063663500000104, -33.431284600000239 ], [ -69.063647400000107, -33.430998100000224 ], [ -69.064146300000104, -33.430917500000248 ], [ -69.064591500000105, -33.431029500000236 ], [ -69.065240600000095, -33.430174400000254 ], [ -69.066093600000116, -33.430098300000246 ], [ -69.066812400000131, -33.430026600000254 ], [ -69.067214700000093, -33.429641600000224 ], [ -69.067423900000094, -33.429623700000249 ], [ -69.067697500000094, -33.429726700000245 ], [ -69.067976500000114, -33.42995050000026 ], [ -69.068427100000093, -33.429892300000247 ], [ -69.068867000000111, -33.429623700000242 ], [ -69.068670600000118, -33.429325800000242 ], [ -69.068411, -33.42927450000024 ], [ -69.068008700000107, -33.429073000000258 ], [ -69.067917500000107, -33.428764100000258 ], [ -69.068582700000107, -33.428531300000252 ], [ -69.069290800000118, -33.428365700000242 ], [ -69.069871100000114, -33.428375700000245 ], [ -69.070277800000099, -33.428047800000236 ], [ -69.069918400000105, -33.427680700000245 ], [ -69.069725300000101, -33.427474700000261 ], [ -69.069784300000109, -33.427143400000247 ], [ -69.07011150000011, -33.426919600000247 ], [ -69.070540700000095, -33.426830100000245 ], [ -69.07076600000012, -33.426955400000239 ], [ -69.070669400000114, -33.427421000000258 ], [ -69.070637200000107, -33.427850800000265 ], [ -69.070857200000106, -33.428034400000257 ], [ -69.071241000000114, -33.427911800000246 ], [ -69.072053400000129, -33.425827200000256 ], [ -69.072375300000118, -33.423803500000247 ], [ -69.073319400000102, -33.423660200000263 ], [ -69.073845200000108, -33.424358700000255 ], [ -69.074746400000109, -33.42571080000026 ], [ -69.075742900000094, -33.424939100000252 ], [ -69.076827800000117, -33.424895900000251 ], [ -69.07704240000011, -33.42390200000024 ], [ -69.076098200000104, -33.423803500000247 ], [ -69.07601240000011, -33.423257300000252 ], [ -69.076774100000094, -33.42293490000025 ], [ -69.078115200000099, -33.422666300000252 ], [ -69.078592700000101, -33.422764800000266 ], [ -69.078689200000113, -33.423208000000265 ], [ -69.078952100000095, -33.423306500000258 ], [ -69.079654800000114, -33.423279600000264 ], [ -69.080057100000118, -33.422979700000255 ], [ -69.079906900000097, -33.422429000000264 ], [ -69.079681600000114, -33.422043900000247 ], [ -69.079096900000096, -33.42185140000025 ], [ -69.07808300000012, -33.422290200000255 ], [ -69.078104500000109, -33.421878200000243 ], [ -69.079016500000108, -33.42134100000024 ], [ -69.079531400000107, -33.42135890000025 ], [ -69.079709400000098, -33.420350700000277 ], [ -69.08088330000011, -33.420293200000259 ], [ -69.081387500000105, -33.420382800000247 ], [ -69.081398300000103, -33.419872400000244 ], [ -69.08070090000011, -33.419496300000247 ], [ -69.080776000000114, -33.417902300000257 ], [ -69.083024000000108, -33.416372500000264 ], [ -69.083468900000113, -33.41566350000025 ], [ -69.08272860000011, -33.415144100000255 ], [ -69.084284300000093, -33.414490300000239 ], [ -69.084348700000106, -33.413773900000251 ], [ -69.084654500000113, -33.413697800000257 ], [ -69.085131900000107, -33.413827600000253 ], [ -69.085282100000114, -33.413657500000262 ], [ -69.085145300000093, -33.413408900000249 ], [ -69.085188200000118, -33.413158200000261 ], [ -69.085402800000097, -33.413135800000248 ], [ -69.085770300000121, -33.413250000000261 ], [ -69.085620100000099, -33.413661900000257 ], [ -69.085668300000094, -33.413944000000264 ], [ -69.086666100000102, -33.414060400000267 ], [ -69.086161900000093, -33.412296200000256 ], [ -69.088254000000106, -33.411785700000259 ], [ -69.089502700000111, -33.411131100000247 ], [ -69.089094200000105, -33.407714000000247 ], [ -69.090738300000098, -33.403882600000252 ], [ -69.090875300000093, -33.401252000000248 ], [ -69.091269000000111, -33.398425900000241 ], [ -69.091423300000102, -33.395247000000239 ], [ -69.093272900000116, -33.395418600000262 ], [ -69.094163400000113, -33.394961000000251 ], [ -69.095191000000113, -33.393531200000254 ], [ -69.095929400000117, -33.392760400000256 ], [ -69.108622100000105, -33.393215900000257 ], [ -69.109513600000099, -33.392998400000259 ], [ -69.111970300000095, -33.393517000000266 ], [ -69.122403800000114, -33.39625120000025 ], [ -69.123481600000119, -33.396632300000249 ], [ -69.123459600000103, -33.397625700000248 ], [ -69.121975500000119, -33.401466700000263 ], [ -69.120722000000114, -33.403696000000238 ], [ -69.120258300000117, -33.404096400000256 ], [ -69.119762600000101, -33.404830500000273 ], [ -69.120450200000093, -33.405457800000242 ], [ -69.119649500000122, -33.405862900000258 ], [ -69.119011200000116, -33.405658100000252 ], [ -69.11840410000012, -33.406035400000242 ], [ -69.118019900000107, -33.406752500000259 ], [ -69.1175882000001, -33.406886000000256 ], [ -69.117364300000105, -33.40794040000025 ], [ -69.117028500000103, -33.408300800000248 ], [ -69.116836700000107, -33.408834700000263 ], [ -69.116309000000101, -33.409115000000263 ], [ -69.114982, -33.409341900000271 ], [ -69.114305700000102, -33.410316400000241 ], [ -69.115035200000108, -33.411821000000259 ], [ -69.114734800000107, -33.412895700000242 ], [ -69.113876500000103, -33.414830100000252 ], [ -69.1132542000001, -33.415224100000245 ], [ -69.112481800000097, -33.415224100000252 ], [ -69.112375300000096, -33.416130600000237 ], [ -69.112267200000119, -33.416871900000253 ], [ -69.111816600000111, -33.417051000000257 ], [ -69.111222200000128, -33.419176800000237 ], [ -69.11018580000011, -33.420507600000271 ], [ -69.109670800000103, -33.42093750000025 ], [ -69.109520600000096, -33.421725500000257 ], [ -69.110550600000096, -33.422226900000247 ], [ -69.108962700000106, -33.424501400000253 ], [ -69.10589400000012, -33.427504900000265 ], [ -69.10521580000011, -33.429526200000247 ], [ -69.105336400000112, -33.430626000000252 ] ] ] ] } },
{ "type": "Feature", "properties": { "fid": 254, "osm_id": "3005419", "osm_way_id": null, "name": "Distrito La Arboleda", "type": "boundary", "aeroway": null, "amenity": null, "admin_level": "6", "barrier": null, "boundary": "administrative", "building": null, "craft": null, "geological": null, "historic": null, "land_area": null, "landuse": null, "leisure": null, "man_made": null, "military": null, "natural": null, "office": null, "place": null, "shop": null, "sport": null, "tourism": null, "other_tags": null }, "geometry": { "type": "MultiPolygon", "coordinates": [ [ [ [ -69.046828300000115, -33.466307800000266 ], [ -69.046177500000113, -33.467400400000265 ], [ -69.045083200000107, -33.46775840000025 ], [ -69.044358200000104, -33.469722700000261 ], [ -69.044027600000121, -33.470630300000266 ], [ -69.043708900000112, -33.471505000000242 ], [ -69.042981000000111, -33.471989500000248 ], [ -69.042120300000093, -33.471928000000261 ], [ -69.041259600000117, -33.471415100000257 ], [ -69.04095220000012, -33.470040700000247 ], [ -69.039833200000103, -33.469691900000264 ], [ -69.03868970000012, -33.470225300000251 ], [ -69.03768140000011, -33.471322800000252 ], [ -69.037939600000101, -33.472061300000263 ], [ -69.038051200000112, -33.472542200000248 ], [ -69.037005100000101, -33.473128000000258 ], [ -69.036095200000119, -33.472871600000225 ], [ -69.035455800000108, -33.472133100000256 ], [ -69.034582200000102, -33.472416100000245 ], [ -69.033170300000094, -33.471880800000257 ], [ -69.030792400000095, -33.472734400000242 ], [ -69.031221600000109, -33.473879900000256 ], [ -69.029462, -33.473575600000252 ], [ -69.029612200000102, -33.474488500000234 ], [ -69.028281900000096, -33.476188800000237 ], [ -69.027101700000102, -33.476958400000257 ], [ -69.0259, -33.476851000000252 ], [ -69.024977400000111, -33.478551300000241 ], [ -69.022853100000106, -33.478640800000235 ], [ -69.021479800000094, -33.478551300000234 ], [ -69.020771700000097, -33.479177700000257 ], [ -69.021630000000101, -33.48010840000024 ], [ -69.023067600000118, -33.479875700000257 ], [ -69.023561200000103, -33.480359000000256 ], [ -69.023537500000103, -33.480821500000246 ], [ -69.022209300000128, -33.481218000000233 ], [ -69.021093500000106, -33.480985400000264 ], [ -69.019312500000098, -33.482327700000241 ], [ -69.017832, -33.483383600000238 ], [ -69.018483700000118, -33.483835300000273 ], [ -69.018625900000117, -33.484851100000256 ], [ -69.016952200000119, -33.484707900000252 ], [ -69.0153, -33.485978500000236 ], [ -69.014248500000122, -33.486569100000246 ], [ -69.013926700000098, -33.486497500000247 ], [ -69.01360480000011, -33.485531100000244 ], [ -69.012510500000118, -33.486050100000263 ], [ -69.013390200000117, -33.486640700000258 ], [ -69.013154200000102, -33.487267100000253 ], [ -69.01085860000012, -33.488701600000248 ], [ -69.007787100000129, -33.48934000000024 ], [ -69.006738300000094, -33.489217700000253 ], [ -69.006094600000097, -33.489808200000226 ], [ -69.005674, -33.490571000000259 ], [ -69.007210400000119, -33.490470400000255 ], [ -69.007369500000095, -33.491093600000255 ], [ -69.006931500000107, -33.491400900000251 ], [ -69.005057200000095, -33.491124100000263 ], [ -69.004660300000097, -33.491213600000258 ], [ -69.004656100000105, -33.491409100000254 ], [ -69.007020600000118, -33.492390200000266 ], [ -69.007197600000111, -33.492806200000246 ], [ -69.007255700000101, -33.49332860000024 ], [ -69.006400200000115, -33.493319600000248 ], [ -69.005043200000117, -33.492548600000262 ], [ -69.003626600000104, -33.493195300000245 ], [ -69.001200100000105, -33.495113400000257 ], [ -69.0010027000001, -33.495873700000232 ], [ -69.000433300000097, -33.496920100000246 ], [ -69.000304900000117, -33.497247800000252 ], [ -69.000392300000115, -33.49774010000025 ], [ -68.999984300000108, -33.497033700000266 ], [ -68.999043100000108, -33.495377700000248 ], [ -68.99755420000011, -33.492862600000251 ], [ -68.995978800000103, -33.490174500000258 ], [ -68.995063200000132, -33.48861220000024 ], [ -68.993741800000109, -33.48624110000025 ], [ -68.993440200000094, -33.485723700000257 ], [ -68.989076800000106, -33.478238300000264 ], [ -68.983159700000101, -33.467860600000243 ], [ -68.978006400000112, -33.459547600000249 ], [ -68.977691300000103, -33.459039200000241 ], [ -68.977654200000117, -33.458980500000258 ], [ -68.969568900000098, -33.446469600000249 ], [ -68.961800200000098, -33.434679000000251 ], [ -68.954824600000109, -33.424003700000263 ], [ -68.954604500000116, -33.423691200000249 ], [ -68.9545849000001, -33.423660400000259 ], [ -68.952530100000118, -33.420568600000252 ], [ -68.951630800000103, -33.419067200000256 ], [ -68.951233200000118, -33.418207800000246 ], [ -68.950509, -33.416145300000245 ], [ -68.950411300000098, -33.415834200000255 ], [ -68.950310900000105, -33.415514400000255 ], [ -68.950004900000096, -33.414732500000248 ], [ -68.948227100000096, -33.409143800000265 ], [ -68.946162500000099, -33.403588700000256 ], [ -68.944669400000095, -33.399802900000275 ], [ -68.942387200000113, -33.393146300000254 ], [ -68.938685000000106, -33.382681900000257 ], [ -68.936501700000107, -33.376412100000259 ], [ -68.936475100000109, -33.376351900000266 ], [ -68.936270300000103, -33.375718300000258 ], [ -68.935003400000099, -33.372322600000267 ], [ -68.934691100000094, -33.371363700000245 ], [ -68.932341500000106, -33.364697300000252 ], [ -68.930860800000119, -33.360570300000241 ], [ -68.930528300000105, -33.359643400000252 ], [ -68.929283800000093, -33.355781100000257 ], [ -68.927213100000117, -33.350072400000265 ], [ -68.925689600000098, -33.345860100000259 ], [ -68.923844300000113, -33.340509300000235 ], [ -68.923283900000101, -33.338986000000254 ], [ -68.923204200000114, -33.338735600000255 ], [ -68.922919700000108, -33.337889500000266 ], [ -68.922842800000097, -33.337651400000254 ], [ -68.922812300000118, -33.337557000000253 ], [ -68.922998300000117, -33.337491800000251 ], [ -68.923473100000095, -33.337341700000266 ], [ -68.926156900000109, -33.336636300000251 ], [ -68.929504000000108, -33.33520030000026 ], [ -68.931886300000116, -33.333361200000233 ], [ -68.933816100000101, -33.332756500000265 ], [ -68.9377664000001, -33.332000700000251 ], [ -68.940359700000101, -33.330942600000249 ], [ -68.942440300000101, -33.329330100000234 ], [ -68.9448225000001, -33.328145900000244 ], [ -68.947114300000095, -33.327717600000263 ], [ -68.948742600000102, -33.325903500000265 ], [ -68.952270700000099, -33.323963400000245 ], [ -68.956221000000113, -33.32240120000025 ], [ -68.959387200000108, -33.323056300000253 ], [ -68.96164880000012, -33.323761800000256 ], [ -68.964483300000097, -33.322476800000238 ], [ -68.968403400000099, -33.321443700000245 ], [ -68.969390100000098, -33.319841900000256 ], [ -68.969458800000098, -33.319730300000266 ], [ -68.970936400000099, -33.317084500000249 ], [ -68.972866300000121, -33.315673400000257 ], [ -68.976545100000109, -33.314942600000258 ], [ -68.978414700000116, -33.315547400000256 ], [ -68.981128600000105, -33.315900200000243 ], [ -68.982666500000093, -33.315295400000252 ], [ -68.984536100000099, -33.31426220000025 ], [ -68.987400700000094, -33.313733100000242 ], [ -68.988576800000118, -33.314237000000247 ], [ -68.9895116000001, -33.315396200000265 ], [ -68.990838400000101, -33.315950600000249 ], [ -68.991712800000101, -33.314438600000244 ], [ -68.9930698000001, -33.313581900000251 ], [ -68.995271100000096, -33.313632300000251 ], [ -68.996175700000094, -33.314615000000252 ], [ -68.99735170000011, -33.315471800000253 ], [ -68.999462600000115, -33.315698600000253 ], [ -69.002960500000114, -33.314589800000249 ], [ -69.006247300000098, -33.314463800000262 ], [ -69.007996300000116, -33.314791400000253 ], [ -69.009956300000127, -33.315194600000254 ], [ -69.011976700000105, -33.31600100000027 ], [ -69.013876400000115, -33.316782100000253 ], [ -69.014962, -33.318243600000244 ], [ -69.01466040000011, -33.31965470000025 ], [ -69.014871500000112, -33.321695700000262 ], [ -69.016499900000099, -33.322577600000265 ], [ -69.018520200000111, -33.322426400000232 ], [ -69.019967600000101, -33.320587000000259 ], [ -69.020600900000119, -33.319881500000257 ], [ -69.022048300000108, -33.318898800000248 ], [ -69.024279700000108, -33.318520800000265 ], [ -69.027747500000103, -33.31834440000025 ], [ -69.030974000000114, -33.318042100000255 ], [ -69.032934100000105, -33.317185300000254 ], [ -69.034200600000119, -33.31632860000024 ], [ -69.03585910000011, -33.315950600000257 ], [ -69.036100300000101, -33.315093800000248 ], [ -69.037095400000098, -33.313229100000271 ], [ -69.03806040000012, -33.311969100000248 ], [ -69.039296700000094, -33.312044700000257 ], [ -69.040141000000105, -33.313884300000254 ], [ -69.041136100000102, -33.314438600000265 ], [ -69.04219190000012, -33.31424490000024 ], [ -69.042372500000099, -33.314211800000251 ], [ -69.044242, -33.313027500000246 ], [ -69.0459910000001, -33.312901500000265 ], [ -69.048765200000105, -33.313959900000256 ], [ -69.050876000000116, -33.312851100000252 ], [ -69.052112400000098, -33.310910700000264 ], [ -69.051207700000106, -33.310079100000252 ], [ -69.050484, -33.309650700000255 ], [ -69.052594800000094, -33.308718200000243 ], [ -69.053258200000116, -33.307407800000263 ], [ -69.053559800000102, -33.305920900000245 ], [ -69.055158000000105, -33.305114400000264 ], [ -69.057479900000118, -33.304257600000241 ], [ -69.0592891000001, -33.303854300000253 ], [ -69.06109840000012, -33.302745400000248 ], [ -69.060970800000106, -33.28579290000026 ], [ -69.062511800000095, -33.272330200000248 ], [ -69.082289600000095, -33.244710000000246 ], [ -69.083337100000094, -33.243246900000258 ], [ -69.086912700000113, -33.23825250000025 ], [ -69.087389000000115, -33.238495300000245 ], [ -69.087820800000102, -33.238775500000244 ], [ -69.088210800000112, -33.239091500000235 ], [ -69.089839300000108, -33.240653400000248 ], [ -69.090003400000114, -33.24081080000024 ], [ -69.090280400000111, -33.241009800000249 ], [ -69.0905999000001, -33.241208700000243 ], [ -69.091076600000093, -33.241451100000255 ], [ -69.091311700000119, -33.241570700000231 ], [ -69.091567900000101, -33.241743600000248 ], [ -69.091767400000109, -33.241928400000248 ], [ -69.092242100000107, -33.242538700000246 ], [ -69.092569600000104, -33.243067900000256 ], [ -69.092647900000102, -33.243250600000252 ], [ -69.092677300000105, -33.243419800000247 ], [ -69.092726100000093, -33.244112100000251 ], [ -69.092811500000096, -33.244698900000245 ], [ -69.09296780000011, -33.245364900000247 ], [ -69.093078700000106, -33.245650700000255 ], [ -69.093205900000115, -33.245909200000241 ], [ -69.093947300000096, -33.247095200000253 ], [ -69.095600900000093, -33.24967260000026 ], [ -69.097199800000112, -33.252034600000258 ], [ -69.100066800000107, -33.255951600000245 ], [ -69.1002304000001, -33.256143200000238 ], [ -69.100459100000094, -33.256348400000256 ], [ -69.100755000000106, -33.25654490000025 ], [ -69.101132200000094, -33.256768500000241 ], [ -69.102318700000112, -33.257419300000251 ], [ -69.102610800000107, -33.257539700000251 ], [ -69.103225600000101, -33.257756600000235 ], [ -69.104054600000097, -33.257959400000246 ], [ -69.104428300000109, -33.258088500000255 ], [ -69.104737000000114, -33.258231200000239 ], [ -69.10503610000012, -33.258408200000261 ], [ -69.105286400000125, -33.258585200000248 ], [ -69.105962500000118, -33.259096200000258 ], [ -69.10619560000012, -33.259249100000254 ], [ -69.106477400000117, -33.259402100000258 ], [ -69.107329500000105, -33.259727800000256 ], [ -69.107645000000105, -33.259876700000234 ], [ -69.108911200000108, -33.260480700000258 ], [ -69.109238900000094, -33.260563200000256 ], [ -69.109546600000101, -33.260576300000253 ], [ -69.109855, -33.260535800000255 ], [ -69.110098400000112, -33.260454500000243 ], [ -69.110930100000104, -33.260000700000248 ], [ -69.111178700000096, -33.259881000000263 ], [ -69.111459800000119, -33.259788500000262 ], [ -69.111740300000093, -33.259770700000267 ], [ -69.112085800000116, -33.259807200000274 ], [ -69.11238680000011, -33.259889800000245 ], [ -69.112622800000096, -33.260026800000247 ], [ -69.112843800000093, -33.260260200000268 ], [ -69.11321860000011, -33.260854400000269 ], [ -69.113261100000116, -33.26092170000026 ], [ -69.113661700000094, -33.261591800000261 ], [ -69.113954400000125, -33.261981500000246 ], [ -69.114114500000099, -33.262125500000252 ], [ -69.114323300000123, -33.262269400000257 ], [ -69.115168600000104, -33.262593100000252 ], [ -69.115361700000108, -33.262667100000257 ], [ -69.115719100000106, -33.262845100000241 ], [ -69.115850100000117, -33.262942600000265 ], [ -69.116855200000103, -33.263522600000243 ], [ -69.11735040000012, -33.263736800000245 ], [ -69.11836700000012, -33.264056100000253 ], [ -69.118837200000101, -33.264232800000251 ], [ -69.119147300000094, -33.264378600000242 ], [ -69.12011990000012, -33.264910400000247 ], [ -69.121638600000097, -33.265604800000247 ], [ -69.122617000000105, -33.266126800000251 ], [ -69.123089900000096, -33.266469400000247 ], [ -69.123339900000119, -33.266676100000254 ], [ -69.123607500000105, -33.266897300000231 ], [ -69.123912000000118, -33.267200400000242 ], [ -69.124184000000113, -33.26748990000025 ], [ -69.124209100000115, -33.267518000000251 ], [ -69.125091400000116, -33.268505600000253 ], [ -69.125565100000102, -33.268953600000266 ], [ -69.125941100000105, -33.26925200000025 ], [ -69.126288200000118, -33.269425500000231 ], [ -69.126904600000117, -33.269620000000259 ], [ -69.127627400000094, -33.269799300000244 ], [ -69.128910800000114, -33.27008680000025 ], [ -69.129385600000106, -33.270265300000233 ], [ -69.1294173000001, -33.270272700000255 ], [ -69.129895400000109, -33.270499700000258 ], [ -69.130341300000097, -33.270762600000253 ], [ -69.130711000000119, -33.271057700000256 ], [ -69.130999300000113, -33.27135960000026 ], [ -69.131824200000111, -33.272542000000243 ], [ -69.132055600000129, -33.272958800000254 ], [ -69.132681600000112, -33.27392740000024 ], [ -69.134450900000118, -33.276634600000243 ], [ -69.136259000000109, -33.279391500000258 ], [ -69.137104200000095, -33.28056850000025 ], [ -69.137992100000119, -33.281634700000261 ], [ -69.138101300000116, -33.281763100000255 ], [ -69.138656300000108, -33.282415800000258 ], [ -69.138963800000113, -33.282868800000251 ], [ -69.139244200000093, -33.283344300000266 ], [ -69.139390300000102, -33.283643500000252 ], [ -69.139566000000116, -33.283978700000262 ], [ -69.139716200000109, -33.284263500000264 ], [ -69.139900400000101, -33.284572700000268 ], [ -69.1401563000001, -33.284957800000257 ], [ -69.1409005000001, -33.286018100000256 ], [ -69.140947100000119, -33.286084400000249 ], [ -69.141190800000103, -33.286431200000258 ], [ -69.141285200000098, -33.286567100000248 ], [ -69.141352900000115, -33.286662400000232 ], [ -69.143438300000113, -33.289636900000254 ], [ -69.146864900000111, -33.294552200000268 ], [ -69.147188400000118, -33.295060900000266 ], [ -69.147052200000118, -33.295138300000239 ], [ -69.146408800000117, -33.295592500000261 ], [ -69.146315000000129, -33.295658700000253 ], [ -69.14458500000012, -33.296572000000253 ], [ -69.144160900000116, -33.296799900000259 ], [ -69.143877300000113, -33.297025300000257 ], [ -69.142884300000105, -33.298300400000251 ], [ -69.142890900000097, -33.298574500000257 ], [ -69.14258740000011, -33.298936000000261 ], [ -69.142376300000095, -33.299253300000245 ], [ -69.14175990000011, -33.299669900000247 ], [ -69.140495000000115, -33.30040380000024 ], [ -69.137901800000094, -33.301674500000239 ], [ -69.13540180000011, -33.302489100000244 ], [ -69.131497200000112, -33.305580700000242 ], [ -69.130293000000108, -33.306823800000259 ], [ -69.129262300000093, -33.30765220000027 ], [ -69.1273580000001, -33.308371000000264 ], [ -69.125811500000111, -33.309931700000249 ], [ -69.124959400000094, -33.31064380000025 ], [ -69.124257400000104, -33.312591200000242 ], [ -69.121358900000104, -33.31628600000024 ], [ -69.119403000000119, -33.318119700000253 ], [ -69.118550300000095, -33.319247000000246 ], [ -69.117509900000115, -33.320701500000254 ], [ -69.11634260000011, -33.324054900000263 ], [ -69.116423600000104, -33.327041900000239 ], [ -69.115729300000098, -33.329846600000266 ], [ -69.115330600000092, -33.333343100000256 ], [ -69.11444010000011, -33.335918500000254 ], [ -69.114505400000098, -33.336101600000241 ], [ -69.115108300000102, -33.336171000000256 ], [ -69.115666200000106, -33.336910500000243 ], [ -69.115328200000107, -33.337847100000253 ], [ -69.115061100000119, -33.338944400000258 ], [ -69.115797700000115, -33.342505300000262 ], [ -69.114880800000094, -33.346746900000269 ], [ -69.1147220000001, -33.348848900000256 ], [ -69.113835200000096, -33.351074200000241 ], [ -69.112864600000094, -33.354917200000244 ], [ -69.112042500000101, -33.358865200000231 ], [ -69.111220500000115, -33.36184040000024 ], [ -69.111360400000109, -33.362824800000254 ], [ -69.111767500000113, -33.363079300000258 ], [ -69.11265920000011, -33.362938400000246 ], [ -69.114402800000107, -33.362662800000244 ], [ -69.114634800000118, -33.362626100000249 ], [ -69.1175238000001, -33.362277700000263 ], [ -69.117807900000102, -33.362212300000259 ], [ -69.1181105000001, -33.362095400000243 ], [ -69.119644700000094, -33.361384600000264 ], [ -69.120560900000129, -33.360960200000257 ], [ -69.121025300000099, -33.360799300000266 ], [ -69.121347800000095, -33.360738800000235 ], [ -69.121614300000104, -33.360717400000247 ], [ -69.122353500000102, -33.360685300000256 ], [ -69.12406940000011, -33.360605200000236 ], [ -69.124384700000107, -33.360602100000264 ], [ -69.124584500000097, -33.360600100000241 ], [ -69.129652600000099, -33.360550200000262 ], [ -69.129905400000098, -33.360561300000271 ], [ -69.1301208000001, -33.360588100000257 ], [ -69.129345900000132, -33.364502000000236 ], [ -69.141396400000104, -33.376018700000252 ], [ -69.140831100000113, -33.376698500000259 ], [ -69.140627600000116, -33.377482100000243 ], [ -69.140322300000093, -33.378114700000239 ], [ -69.139417800000118, -33.379417500000258 ], [ -69.139022100000119, -33.380559900000236 ], [ -69.137716, -33.381331000000259 ], [ -69.137619100000094, -33.381388200000252 ], [ -69.137337500000115, -33.381554500000256 ], [ -69.136565400000094, -33.382241100000257 ], [ -69.135806300000098, -33.382996900000251 ], [ -69.13601370000012, -33.38332430000024 ], [ -69.136104500000101, -33.383741400000225 ], [ -69.135830600000119, -33.384237600000255 ], [ -69.135413900000117, -33.385175400000257 ], [ -69.134180400000105, -33.386143300000242 ], [ -69.133036100000112, -33.386844900000249 ], [ -69.132131400000105, -33.387617600000247 ], [ -69.131309300000112, -33.389276300000269 ], [ -69.129726300000101, -33.390599200000246 ], [ -69.129694100000108, -33.390970100000253 ], [ -69.129812100000109, -33.391350800000232 ], [ -69.129621700000101, -33.391485200000226 ], [ -69.129318600000119, -33.391335100000255 ], [ -69.129042300000094, -33.390972400000244 ], [ -69.128682900000101, -33.39117170000025 ], [ -69.128648, -33.391731500000255 ], [ -69.128202800000111, -33.391937600000254 ], [ -69.127974800000104, -33.391948800000236 ], [ -69.127435700000092, -33.391785300000251 ], [ -69.126743700000119, -33.392078600000239 ], [ -69.126550600000115, -33.392434700000251 ], [ -69.125987300000119, -33.392354100000247 ], [ -69.125697600000109, -33.39267210000024 ], [ -69.1252147000001, -33.392646000000269 ], [ -69.124882200000101, -33.392931900000242 ], [ -69.124211700000103, -33.392757200000254 ], [ -69.123814700000111, -33.393030400000249 ], [ -69.123932700000111, -33.393361800000257 ], [ -69.124438600000104, -33.39403550000025 ], [ -69.123481600000119, -33.396632300000249 ], [ -69.122403800000114, -33.39625120000025 ], [ -69.111970300000095, -33.393517000000266 ], [ -69.109513600000099, -33.392998400000259 ], [ -69.108622100000105, -33.393215900000257 ], [ -69.095929400000117, -33.392760400000256 ], [ -69.095191000000113, -33.393531200000254 ], [ -69.094163400000113, -33.394961000000251 ], [ -69.093272900000116, -33.395418600000262 ], [ -69.091423300000102, -33.395247000000239 ], [ -69.091269000000111, -33.398425900000241 ], [ -69.090875300000093, -33.401252000000248 ], [ -69.090738300000098, -33.403882600000252 ], [ -69.089094200000105, -33.407714000000247 ], [ -69.089502700000111, -33.411131100000247 ], [ -69.088254000000106, -33.411785700000259 ], [ -69.086161900000093, -33.412296200000256 ], [ -69.086666100000102, -33.414060400000267 ], [ -69.085668300000094, -33.413944000000264 ], [ -69.085620100000099, -33.413661900000257 ], [ -69.085770300000121, -33.413250000000261 ], [ -69.085402800000097, -33.413135800000248 ], [ -69.085188200000118, -33.413158200000261 ], [ -69.085145300000093, -33.413408900000249 ], [ -69.085282100000114, -33.413657500000262 ], [ -69.085131900000107, -33.413827600000253 ], [ -69.084654500000113, -33.413697800000257 ], [ -69.084348700000106, -33.413773900000251 ], [ -69.084284300000093, -33.414490300000239 ], [ -69.08272860000011, -33.415144100000255 ], [ -69.083468900000113, -33.41566350000025 ], [ -69.083024000000108, -33.416372500000264 ], [ -69.080776000000114, -33.417902300000257 ], [ -69.08070090000011, -33.419496300000247 ], [ -69.081398300000103, -33.419872400000244 ], [ -69.081387500000105, -33.420382800000247 ], [ -69.08088330000011, -33.420293200000259 ], [ -69.079709400000098, -33.420350700000277 ], [ -69.079531400000107, -33.42135890000025 ], [ -69.079016500000108, -33.42134100000024 ], [ -69.078104500000109, -33.421878200000243 ], [ -69.07808300000012, -33.422290200000255 ], [ -69.079096900000096, -33.42185140000025 ], [ -69.079681600000114, -33.422043900000247 ], [ -69.079906900000097, -33.422429000000264 ], [ -69.080057100000118, -33.422979700000255 ], [ -69.079654800000114, -33.423279600000264 ], [ -69.078952100000095, -33.423306500000258 ], [ -69.078689200000113, -33.423208000000265 ], [ -69.078592700000101, -33.422764800000266 ], [ -69.078115200000099, -33.422666300000252 ], [ -69.076774100000094, -33.42293490000025 ], [ -69.07601240000011, -33.423257300000252 ], [ -69.076098200000104, -33.423803500000247 ], [ -69.07704240000011, -33.42390200000024 ], [ -69.076827800000117, -33.424895900000251 ], [ -69.075742900000094, -33.424939100000252 ], [ -69.074746400000109, -33.42571080000026 ], [ -69.073845200000108, -33.424358700000255 ], [ -69.073319400000102, -33.423660200000263 ], [ -69.072375300000118, -33.423803500000247 ], [ -69.072053400000129, -33.425827200000256 ], [ -69.071241000000114, -33.427911800000246 ], [ -69.070857200000106, -33.428034400000257 ], [ -69.070637200000107, -33.427850800000265 ], [ -69.070669400000114, -33.427421000000258 ], [ -69.07076600000012, -33.426955400000239 ], [ -69.070540700000095, -33.426830100000245 ], [ -69.07011150000011, -33.426919600000247 ], [ -69.069784300000109, -33.427143400000247 ], [ -69.069725300000101, -33.427474700000261 ], [ -69.069918400000105, -33.427680700000245 ], [ -69.070277800000099, -33.428047800000236 ], [ -69.069871100000114, -33.428375700000245 ], [ -69.069290800000118, -33.428365700000242 ], [ -69.068582700000107, -33.428531300000252 ], [ -69.067917500000107, -33.428764100000258 ], [ -69.068008700000107, -33.429073000000258 ], [ -69.068411, -33.42927450000024 ], [ -69.068670600000118, -33.429325800000242 ], [ -69.068867000000111, -33.429623700000242 ], [ -69.068427100000093, -33.429892300000247 ], [ -69.067976500000114, -33.42995050000026 ], [ -69.067697500000094, -33.429726700000245 ], [ -69.067423900000094, -33.429623700000249 ], [ -69.067214700000093, -33.429641600000224 ], [ -69.066812400000131, -33.430026600000254 ], [ -69.066093600000116, -33.430098300000246 ], [ -69.065240600000095, -33.430174400000254 ], [ -69.064591500000105, -33.431029500000236 ], [ -69.064146300000104, -33.430917500000248 ], [ -69.063647400000107, -33.430998100000224 ], [ -69.063663500000104, -33.431284600000239 ], [ -69.063851200000116, -33.431535300000256 ], [ -69.064157, -33.431696500000257 ], [ -69.064613000000122, -33.431678600000261 ], [ -69.064925300000098, -33.431819500000259 ], [ -69.064961700000097, -33.432153100000264 ], [ -69.064698800000116, -33.432256100000245 ], [ -69.064140900000098, -33.432645600000249 ], [ -69.063556200000107, -33.432775400000246 ], [ -69.063363100000103, -33.433093300000266 ], [ -69.063422100000111, -33.433648400000251 ], [ -69.063282600000107, -33.43376480000024 ], [ -69.063009, -33.433643900000263 ], [ -69.062832000000128, -33.433384300000256 ], [ -69.06239210000011, -33.433558900000257 ], [ -69.062199000000106, -33.433872200000259 ], [ -69.06235460000012, -33.434055800000259 ], [ -69.062660300000118, -33.434199000000262 ], [ -69.062655000000106, -33.434449700000265 ], [ -69.061871800000105, -33.434678000000254 ], [ -69.061104700000101, -33.435045100000252 ], [ -69.060713100000115, -33.435340600000245 ], [ -69.060895400000121, -33.435457000000255 ], [ -69.061501600000113, -33.435389800000252 ], [ -69.061687500000119, -33.435482300000245 ], [ -69.061893200000114, -33.435779300000242 ], [ -69.061566000000113, -33.436092700000259 ], [ -69.061737700000108, -33.436446300000242 ], [ -69.06208100000012, -33.436553700000267 ], [ -69.062322400000113, -33.437149100000248 ], [ -69.061963000000105, -33.437332700000248 ], [ -69.061587500000101, -33.437247600000255 ], [ -69.061222700000101, -33.437068600000266 ], [ -69.060868600000106, -33.437028300000243 ], [ -69.060472300000114, -33.43737300000025 ], [ -69.059892300000115, -33.43722080000024 ], [ -69.059688500000092, -33.437377400000251 ], [ -69.059935200000098, -33.437977300000263 ], [ -69.059897700000093, -33.438348800000249 ], [ -69.059704500000095, -33.438339900000273 ], [ -69.059388, -33.438295100000246 ], [ -69.059425600000097, -33.438407000000247 ], [ -69.059575800000133, -33.438599500000237 ], [ -69.059645500000101, -33.439087500000241 ], [ -69.059457800000118, -33.439450000000249 ], [ -69.059608, -33.439709700000257 ], [ -69.059999600000097, -33.439575400000251 ], [ -69.060235600000112, -33.439575400000258 ], [ -69.060348300000101, -33.439736500000258 ], [ -69.060289300000093, -33.439982700000265 ], [ -69.059978100000095, -33.440103600000242 ], [ -69.059763600000096, -33.440282700000239 ], [ -69.059640200000104, -33.440627300000266 ], [ -69.059414900000093, -33.440528900000253 ], [ -69.05920570000012, -33.440291600000251 ], [ -69.0588999000001, -33.440255800000266 ], [ -69.058701400000103, -33.440340900000251 ], [ -69.058749700000121, -33.440739300000246 ], [ -69.058937400000119, -33.440909400000237 ], [ -69.059232500000093, -33.441016800000256 ], [ -69.058969600000097, -33.441513700000264 ], [ -69.058883800000132, -33.44208220000025 ], [ -69.058792600000132, -33.442198500000266 ], [ -69.058336600000104, -33.441938900000252 ], [ -69.058202500000093, -33.442028400000247 ], [ -69.058130100000099, -33.442173900000256 ], [ -69.058065700000114, -33.442384300000249 ], [ -69.057894100000098, -33.442579000000258 ], [ -69.056920400000095, -33.442847600000249 ], [ -69.056882900000119, -33.442744600000267 ], [ -69.056882900000105, -33.442529800000258 ], [ -69.056705800000117, -33.442538700000227 ], [ -69.056432300000097, -33.442740200000266 ], [ -69.056276700000097, -33.443134100000243 ], [ -69.056518100000119, -33.443348900000245 ], [ -69.056575100000117, -33.443725200000259 ], [ -69.056410800000108, -33.443823400000234 ], [ -69.056046000000109, -33.443751800000257 ], [ -69.055681200000109, -33.44350560000025 ], [ -69.055364700000112, -33.44326840000025 ], [ -69.055236, -33.443366800000263 ], [ -69.055219900000111, -33.443675700000242 ], [ -69.055225300000117, -33.443881600000246 ], [ -69.056013800000102, -33.444083000000241 ], [ -69.056566400000094, -33.444302400000247 ], [ -69.056839900000099, -33.444324800000267 ], [ -69.057049200000094, -33.444271000000256 ], [ -69.057199400000101, -33.444468000000235 ], [ -69.057135000000102, -33.444562000000253 ], [ -69.056958, -33.444647000000245 ], [ -69.056689700000121, -33.444606800000251 ], [ -69.056405400000102, -33.444436700000281 ], [ -69.056153300000105, -33.444530700000257 ], [ -69.055745600000094, -33.444911100000262 ], [ -69.055219900000097, -33.445040900000265 ], [ -69.054940900000105, -33.444920100000246 ], [ -69.054570800000093, -33.444579900000249 ], [ -69.054431300000104, -33.444606800000244 ], [ -69.054442100000117, -33.44480370000025 ], [ -69.054940900000105, -33.445425900000238 ], [ -69.055391600000107, -33.445466200000261 ], [ -69.055407600000095, -33.445837700000247 ], [ -69.055037500000097, -33.446124200000241 ], [ -69.054222100000104, -33.445940600000242 ], [ -69.053648100000103, -33.446357000000248 ], [ -69.053900200000101, -33.446903000000248 ], [ -69.053734000000119, -33.447073100000246 ], [ -69.053809100000109, -33.44726560000025 ], [ -69.054232800000094, -33.44750730000024 ], [ -69.054393800000113, -33.447945900000249 ], [ -69.054259700000117, -33.448250300000254 ], [ -69.05431870000011, -33.448451700000255 ], [ -69.054485000000113, -33.448872400000248 ], [ -69.054495700000103, -33.449440900000255 ], [ -69.054114800000107, -33.449830300000244 ], [ -69.054125600000106, -33.450394300000262 ], [ -69.053538300000113, -33.45123660000025 ], [ -69.053787600000121, -33.451732500000254 ], [ -69.053852000000106, -33.452081600000248 ], [ -69.054570800000093, -33.452278600000255 ], [ -69.055053600000093, -33.452488900000255 ], [ -69.055198400000108, -33.45268590000024 ], [ -69.055021400000115, -33.452824600000248 ], [ -69.054839000000101, -33.452864900000264 ], [ -69.054898000000108, -33.453075300000251 ], [ -69.055160900000118, -33.453115500000251 ], [ -69.055380800000108, -33.453343800000255 ], [ -69.055568600000115, -33.453863000000261 ], [ -69.055482800000107, -33.454055400000264 ], [ -69.054924900000103, -33.453983800000245 ], [ -69.054184600000113, -33.453196100000234 ], [ -69.053809100000109, -33.452896200000254 ], [ -69.053438900000103, -33.452815700000272 ], [ -69.05321360000012, -33.452851500000271 ], [ -69.053202900000116, -33.45310660000024 ], [ -69.052902500000101, -33.453339300000252 ], [ -69.052822000000106, -33.453625800000239 ], [ -69.052961500000094, -33.453795800000243 ], [ -69.053095600000105, -33.453912200000254 ], [ -69.052966800000107, -33.454265800000229 ], [ -69.052993700000101, -33.454494100000247 ], [ -69.053471100000095, -33.454391100000244 ], [ -69.053889500000111, -33.454431400000253 ], [ -69.054393800000113, -33.454610400000242 ], [ -69.054576200000113, -33.454503000000265 ], [ -69.055064300000112, -33.45433290000026 ], [ -69.055249000000117, -33.454400400000253 ], [ -69.055118000000107, -33.454762600000251 ], [ -69.054908800000106, -33.45491030000025 ], [ -69.054930200000115, -33.455156500000264 ], [ -69.055257400000116, -33.455183300000265 ], [ -69.055354000000108, -33.455639800000235 ], [ -69.055091100000098, -33.455881500000267 ], [ -69.054662000000107, -33.455935200000262 ], [ -69.053986100000103, -33.455729300000257 ], [ -69.053310200000098, -33.455210200000245 ], [ -69.053154600000113, -33.455205700000228 ], [ -69.053084900000115, -33.455541300000242 ], [ -69.052242600000099, -33.455747200000239 ], [ -69.052081700000102, -33.45608740000025 ], [ -69.052296300000094, -33.456347000000264 ], [ -69.052473300000102, -33.45665580000027 ], [ -69.052832700000096, -33.456646800000257 ], [ -69.053074100000103, -33.456481200000255 ], [ -69.053225400000102, -33.456452000000247 ], [ -69.053267300000101, -33.456830300000249 ], [ -69.05310630000011, -33.457233100000273 ], [ -69.052677200000105, -33.457412100000248 ], [ -69.052151500000107, -33.457430000000258 ], [ -69.051175100000094, -33.457635900000241 ], [ -69.051464800000105, -33.458029800000261 ], [ -69.051861800000097, -33.458423600000259 ], [ -69.052044200000125, -33.458656300000264 ], [ -69.051963700000115, -33.459273900000255 ], [ -69.052902500000101, -33.459887100000259 ], [ -69.052591300000103, -33.460379400000271 ], [ -69.051722300000108, -33.460379400000264 ], [ -69.051447300000106, -33.46065150000026 ], [ -69.050815700000115, -33.460732900000252 ], [ -69.050365100000093, -33.460916400000265 ], [ -69.049801800000111, -33.461565300000238 ], [ -69.049469200000104, -33.46122520000025 ], [ -69.049195700000098, -33.461220700000254 ], [ -69.049233200000117, -33.46144900000025 ], [ -69.049490700000106, -33.461811500000259 ], [ -69.049249300000113, -33.462012800000245 ], [ -69.048755800000123, -33.462053100000254 ], [ -69.048407100000119, -33.462071000000257 ], [ -69.047945700000113, -33.462097900000259 ], [ -69.047688300000104, -33.462312700000247 ], [ -69.047522000000114, -33.46247380000024 ], [ -69.047414700000118, -33.462755700000251 ], [ -69.047634600000109, -33.463086900000263 ], [ -69.047999400000094, -33.463529900000253 ], [ -69.047763400000093, -33.463717900000255 ], [ -69.047425400000094, -33.463592600000247 ], [ -69.04731270000012, -33.463798500000266 ], [ -69.047344900000127, -33.463977500000254 ], [ -69.0472484000001, -33.464187800000239 ], [ -69.047232300000104, -33.464425000000247 ], [ -69.046926500000097, -33.464608500000246 ], [ -69.046787, -33.464796400000246 ], [ -69.047103500000105, -33.465141000000266 ], [ -69.047341200000105, -33.465675900000257 ], [ -69.046828300000115, -33.466307800000266 ] ] ] ] } },
{ "type": "Feature", "properties": { "fid": 255, "osm_id": "3005420", "osm_way_id": null, "name": "Distrito Villa Bastías", "type": "boundary", "aeroway": null, "amenity": null, "admin_level": "6", "barrier": null, "boundary": "administrative", "building": null, "craft": null, "geological": null, "historic": null, "land_area": null, "landuse": null, "leisure": null, "man_made": null, "military": null, "natural": null, "office": null, "place": null, "shop": null, "sport": null, "tourism": null, "other_tags": "\"wikidata\"=>\"Q9093741\",\"wikipedia\"=>\"es:Villa Bastías\"" }, "geometry": { "type": "MultiPolygon", "coordinates": [ [ [ [ -69.147188400000118, -33.295060900000266 ], [ -69.147052200000118, -33.295138300000239 ], [ -69.146408800000117, -33.295592500000261 ], [ -69.146315000000129, -33.295658700000253 ], [ -69.14458500000012, -33.296572000000253 ], [ -69.144160900000116, -33.296799900000259 ], [ -69.143877300000113, -33.297025300000257 ], [ -69.142884300000105, -33.298300400000251 ], [ -69.142890900000097, -33.298574500000257 ], [ -69.14258740000011, -33.298936000000261 ], [ -69.142376300000095, -33.299253300000245 ], [ -69.14175990000011, -33.299669900000247 ], [ -69.140495000000115, -33.30040380000024 ], [ -69.137901800000094, -33.301674500000239 ], [ -69.13540180000011, -33.302489100000244 ], [ -69.131497200000112, -33.305580700000242 ], [ -69.130293000000108, -33.306823800000259 ], [ -69.129262300000093, -33.30765220000027 ], [ -69.1273580000001, -33.308371000000264 ], [ -69.125811500000111, -33.309931700000249 ], [ -69.124959400000094, -33.31064380000025 ], [ -69.124257400000104, -33.312591200000242 ], [ -69.121358900000104, -33.31628600000024 ], [ -69.119403000000119, -33.318119700000253 ], [ -69.118550300000095, -33.319247000000246 ], [ -69.117509900000115, -33.320701500000254 ], [ -69.11634260000011, -33.324054900000263 ], [ -69.116423600000104, -33.327041900000239 ], [ -69.115729300000098, -33.329846600000266 ], [ -69.115330600000092, -33.333343100000256 ], [ -69.11444010000011, -33.335918500000254 ], [ -69.114505400000098, -33.336101600000241 ], [ -69.115108300000102, -33.336171000000256 ], [ -69.115666200000106, -33.336910500000243 ], [ -69.115328200000107, -33.337847100000253 ], [ -69.115061100000119, -33.338944400000258 ], [ -69.115797700000115, -33.342505300000262 ], [ -69.114880800000094, -33.346746900000269 ], [ -69.1147220000001, -33.348848900000256 ], [ -69.113835200000096, -33.351074200000241 ], [ -69.112864600000094, -33.354917200000244 ], [ -69.112042500000101, -33.358865200000231 ], [ -69.111220500000115, -33.36184040000024 ], [ -69.111360400000109, -33.362824800000254 ], [ -69.111767500000113, -33.363079300000258 ], [ -69.11265920000011, -33.362938400000246 ], [ -69.114402800000107, -33.362662800000244 ], [ -69.114634800000118, -33.362626100000249 ], [ -69.1175238000001, -33.362277700000263 ], [ -69.117807900000102, -33.362212300000259 ], [ -69.1181105000001, -33.362095400000243 ], [ -69.119644700000094, -33.361384600000264 ], [ -69.120560900000129, -33.360960200000257 ], [ -69.121025300000099, -33.360799300000266 ], [ -69.121347800000095, -33.360738800000235 ], [ -69.121614300000104, -33.360717400000247 ], [ -69.122353500000102, -33.360685300000256 ], [ -69.12406940000011, -33.360605200000236 ], [ -69.124384700000107, -33.360602100000264 ], [ -69.124584500000097, -33.360600100000241 ], [ -69.129652600000099, -33.360550200000262 ], [ -69.129905400000098, -33.360561300000271 ], [ -69.1301208000001, -33.360588100000257 ], [ -69.130894800000107, -33.360786700000247 ], [ -69.131025300000104, -33.360827200000244 ], [ -69.132358400000115, -33.361241200000258 ], [ -69.1324994000001, -33.361285000000272 ], [ -69.133664600000117, -33.361749500000265 ], [ -69.133865200000116, -33.361823100000251 ], [ -69.13419140000012, -33.361910000000258 ], [ -69.134445000000127, -33.361977700000253 ], [ -69.134912000000114, -33.362090100000259 ], [ -69.135207900000097, -33.362143300000255 ], [ -69.13623600000011, -33.362298400000256 ], [ -69.1364516000001, -33.362332300000247 ], [ -69.137862700000099, -33.362461100000253 ], [ -69.138119800000112, -33.362483700000254 ], [ -69.139294800000101, -33.362559100000269 ], [ -69.139735300000098, -33.36258940000026 ], [ -69.14011360000012, -33.362628200000266 ], [ -69.140345800000119, -33.362666900000256 ], [ -69.140692500000114, -33.362786800000258 ], [ -69.1410482000001, -33.362926300000261 ], [ -69.142322, -33.363452300000255 ], [ -69.143072800000112, -33.363754800000251 ], [ -69.143328400000115, -33.363810000000242 ], [ -69.143415900000107, -33.363810600000264 ], [ -69.1435132000001, -33.36380490000024 ], [ -69.143722100000105, -33.363681800000244 ], [ -69.143858200000096, -33.363624600000271 ], [ -69.143893800000114, -33.363596900000253 ], [ -69.143946800000109, -33.363536500000251 ], [ -69.144484500000118, -33.362756400000237 ], [ -69.145281900000114, -33.36162240000025 ], [ -69.145575900000097, -33.361205100000248 ], [ -69.14587250000011, -33.360785800000265 ], [ -69.146232600000118, -33.360267400000254 ], [ -69.146390500000109, -33.360043000000239 ], [ -69.146808100000115, -33.359436100000252 ], [ -69.147182100000094, -33.358906800000248 ], [ -69.147502900000134, -33.358447100000241 ], [ -69.1485069000001, -33.35702350000026 ], [ -69.150706900000117, -33.353858500000257 ], [ -69.151586700000095, -33.352594500000251 ], [ -69.151933700000114, -33.35206460000024 ], [ -69.1519957000001, -33.35192440000025 ], [ -69.152032500000118, -33.351797300000243 ], [ -69.152059700000109, -33.351556700000245 ], [ -69.152054600000113, -33.351503200000238 ], [ -69.152050300000099, -33.351371800000251 ], [ -69.1520261000001, -33.351210500000249 ], [ -69.151986300000104, -33.351086500000257 ], [ -69.151871800000109, -33.350837700000241 ], [ -69.151533600000107, -33.350280500000245 ], [ -69.151358100000095, -33.349985100000254 ], [ -69.151266200000109, -33.349785900000249 ], [ -69.1512065000001, -33.349606900000246 ], [ -69.151158400000099, -33.34930490000027 ], [ -69.151141700000096, -33.349057000000265 ], [ -69.151126300000101, -33.348828200000256 ], [ -69.15113970000013, -33.348499600000245 ], [ -69.151207, -33.348219000000263 ], [ -69.151289900000108, -33.347924000000248 ], [ -69.151512300000107, -33.347288500000261 ], [ -69.152167200000108, -33.345453100000256 ], [ -69.152542800000106, -33.344435800000262 ], [ -69.152802700000109, -33.343680100000249 ], [ -69.153015100000118, -33.343131300000259 ], [ -69.153458100000094, -33.342190300000254 ], [ -69.153881700000099, -33.341327100000242 ], [ -69.15405050000011, -33.340931400000265 ], [ -69.154273100000097, -33.340127800000246 ], [ -69.155592300000109, -33.335263400000251 ], [ -69.155801300000093, -33.334424600000276 ], [ -69.15615360000011, -33.33309050000026 ], [ -69.1570806000001, -33.32984560000024 ], [ -69.158064700000097, -33.326327200000271 ], [ -69.158381600000112, -33.325244600000246 ], [ -69.158499500000119, -33.324830200000257 ], [ -69.15887330000011, -33.323516700000255 ], [ -69.160240500000114, -33.318787300000253 ], [ -69.160896800000103, -33.316535100000259 ], [ -69.161527700000107, -33.314347300000257 ], [ -69.161635300000114, -33.313916300000258 ], [ -69.161646700000105, -33.313685700000249 ], [ -69.161606300000116, -33.313475800000255 ], [ -69.161532300000104, -33.313268400000254 ], [ -69.161342900000108, -33.312984800000265 ], [ -69.161181, -33.312741900000248 ], [ -69.16116070000011, -33.312711400000239 ], [ -69.161002200000112, -33.312493000000259 ], [ -69.160616900000093, -33.311959200000246 ], [ -69.160248800000119, -33.311428200000272 ], [ -69.159892100000093, -33.310891900000257 ], [ -69.159376400000099, -33.310121700000252 ], [ -69.159172100000106, -33.309828700000239 ], [ -69.15803120000011, -33.308193700000253 ], [ -69.157510000000116, -33.30740390000026 ], [ -69.157448700000103, -33.307313000000249 ], [ -69.157354900000101, -33.307182500000245 ], [ -69.157260400000112, -33.307040500000255 ], [ -69.156969100000097, -33.306602600000247 ], [ -69.156704900000108, -33.306206000000266 ], [ -69.156555900000114, -33.305985200000237 ], [ -69.156398400000114, -33.305718600000262 ], [ -69.156360900000109, -33.305652800000267 ], [ -69.156228100000106, -33.305420000000254 ], [ -69.156082800000092, -33.305195200000249 ], [ -69.155959900000113, -33.305068700000241 ], [ -69.155836600000114, -33.304964400000252 ], [ -69.154288600000115, -33.303788500000259 ], [ -69.154073200000113, -33.303631900000255 ], [ -69.15351720000011, -33.303227600000248 ], [ -69.15201690000012, -33.301534400000243 ], [ -69.151151600000105, -33.300484500000266 ], [ -69.150202100000115, -33.29933250000024 ], [ -69.150119800000112, -33.299214200000257 ], [ -69.150047000000114, -33.299109600000243 ], [ -69.149210700000111, -33.298029700000257 ], [ -69.149013900000099, -33.297740100000247 ], [ -69.147992300000112, -33.296237000000254 ], [ -69.147644100000093, -33.295745200000255 ], [ -69.147188400000118, -33.295060900000266 ] ] ] ] } }
]
}
